TRENDING_DATE,CATEGORY_ID,NUMBERS,TITLE
2017-11-14,24,45,Entertainment
2017-11-14,20,1,Gaming
2017-11-14,22,17,People & Blogs
2017-11-14,1,8,Film & Animation
2017-11-14,19,1,Travel & Events
2017-11-14,2,4,Autos & Vehicles
2017-11-14,26,18,Howto & Style
2017-11-14,27,9,Education
2017-11-14,15,5,Pets & Animals
2017-11-14,10,45,Music
2017-11-14,17,9,Sports
2017-11-14,25,13,News & Politics
2017-11-14,28,12,Science & Technology
2017-11-14,23,13,Comedy
2017-11-15,19,2,Travel & Events
2017-11-15,28,13,Science & Technology
2017-11-15,15,4,Pets & Animals
2017-11-15,2,3,Autos & Vehicles
2017-11-15,20,1,Gaming
2017-11-15,27,8,Education
2017-11-15,25,13,News & Politics
2017-11-15,17,15,Sports
2017-11-15,22,14,People & Blogs
2017-11-15,10,37,Music
2017-11-15,1,10,Film & Animation
2017-11-15,26,17,Howto & Style
2017-11-15,24,45,Entertainment
2017-11-15,23,18,Comedy
2017-11-16,27,9,Education
2017-11-16,10,29,Music
2017-11-16,20,1,Gaming
2017-11-16,17,20,Sports
2017-11-16,2,3,Autos & Vehicles
2017-11-16,1,12,Film & Animation
2017-11-16,28,16,Science & Technology
2017-11-16,19,3,Travel & Events
2017-11-16,15,5,Pets & Animals
2017-11-16,25,13,News & Politics
2017-11-16,23,15,Comedy
2017-11-16,24,48,Entertainment
2017-11-16,22,11,People & Blogs
2017-11-16,26,15,Howto & Style
2017-11-17,26,13,Howto & Style
2017-11-17,23,18,Comedy
2017-11-17,20,2,Gaming
2017-11-17,28,16,Science & Technology
2017-11-17,10,29,Music
2017-11-17,27,10,Education
2017-11-17,15,4,Pets & Animals
2017-11-17,19,2,Travel & Events
2017-11-17,17,19,Sports
2017-11-17,25,15,News & Politics
2017-11-17,22,10,People & Blogs
2017-11-17,2,3,Autos & Vehicles
2017-11-17,1,10,Film & Animation
2017-11-17,24,49,Entertainment
2017-11-18,28,17,Science & Technology
2017-11-18,1,9,Film & Animation
2017-11-18,26,14,Howto & Style
2017-11-18,27,12,Education
2017-11-18,17,15,Sports
2017-11-18,2,3,Autos & Vehicles
2017-11-18,20,2,Gaming
2017-11-18,10,34,Music
2017-11-18,24,48,Entertainment
2017-11-18,25,12,News & Politics
2017-11-18,22,11,People & Blogs
2017-11-18,15,4,Pets & Animals
2017-11-18,19,1,Travel & Events
2017-11-18,23,18,Comedy
2017-11-19,22,11,People & Blogs
2017-11-19,1,9,Film & Animation
2017-11-19,20,2,Gaming
2017-11-19,27,12,Education
2017-11-19,2,4,Autos & Vehicles
2017-11-19,24,49,Entertainment
2017-11-19,26,14,Howto & Style
2017-11-19,17,15,Sports
2017-11-19,25,9,News & Politics
2017-11-19,23,15,Comedy
2017-11-19,10,41,Music
2017-11-19,15,4,Pets & Animals
2017-11-19,28,15,Science & Technology
2017-11-20,17,13,Sports
2017-11-20,22,13,People & Blogs
2017-11-20,2,5,Autos & Vehicles
2017-11-20,20,2,Gaming
2017-11-20,28,13,Science & Technology
2017-11-20,25,9,News & Politics
2017-11-20,1,10,Film & Animation
2017-11-20,24,47,Entertainment
2017-11-20,26,14,Howto & Style
2017-11-20,15,5,Pets & Animals
2017-11-20,19,1,Travel & Events
2017-11-20,27,8,Education
2017-11-20,23,16,Comedy
2017-11-20,10,44,Music
2017-11-21,24,41,Entertainment
2017-11-21,2,3,Autos & Vehicles
2017-11-21,25,10,News & Politics
2017-11-21,15,3,Pets & Animals
2017-11-21,28,13,Science & Technology
2017-11-21,27,9,Education
2017-11-21,26,18,Howto & Style
2017-11-21,23,16,Comedy
2017-11-21,1,10,Film & Animation
2017-11-21,10,49,Music
2017-11-21,20,2,Gaming
2017-11-21,17,11,Sports
2017-11-21,19,2,Travel & Events
2017-11-21,22,13,People & Blogs
2017-11-22,27,8,Education
2017-11-22,17,9,Sports
2017-11-22,1,7,Film & Animation
2017-11-22,22,16,People & Blogs
2017-11-22,19,2,Travel & Events
2017-11-22,15,3,Pets & Animals
2017-11-22,28,11,Science & Technology
2017-11-22,26,18,Howto & Style
2017-11-22,2,2,Autos & Vehicles
2017-11-22,25,14,News & Politics
2017-11-22,24,43,Entertainment
2017-11-22,10,47,Music
2017-11-22,23,19,Comedy
2017-11-22,20,1,Gaming
2017-11-23,20,1,Gaming
2017-11-23,23,18,Comedy
2017-11-23,22,18,People & Blogs
2017-11-23,15,2,Pets & Animals
2017-11-23,1,12,Film & Animation
2017-11-23,10,36,Music
2017-11-23,27,9,Education
2017-11-23,24,45,Entertainment
2017-11-23,28,13,Science & Technology
2017-11-23,25,14,News & Politics
2017-11-23,17,8,Sports
2017-11-23,2,2,Autos & Vehicles
2017-11-23,19,2,Travel & Events
2017-11-23,26,20,Howto & Style
2017-11-24,24,48,Entertainment
2017-11-24,20,1,Gaming
2017-11-24,28,15,Science & Technology
2017-11-24,26,20,Howto & Style
2017-11-24,2,1,Autos & Vehicles
2017-11-24,22,18,People & Blogs
2017-11-24,10,32,Music
2017-11-24,15,3,Pets & Animals
2017-11-24,27,9,Education
2017-11-24,23,17,Comedy
2017-11-24,1,12,Film & Animation
2017-11-24,25,13,News & Politics
2017-11-24,17,9,Sports
2017-11-24,19,2,Travel & Events
2017-11-25,28,13,Science & Technology
2017-11-25,15,3,Pets & Animals
2017-11-25,23,17,Comedy
2017-11-25,26,22,Howto & Style
2017-11-25,22,18,People & Blogs
2017-11-25,20,1,Gaming
2017-11-25,2,1,Autos & Vehicles
2017-11-25,25,14,News & Politics
2017-11-25,19,2,Travel & Events
2017-11-25,17,9,Sports
2017-11-25,1,12,Film & Animation
2017-11-25,27,7,Education
2017-11-25,10,35,Music
2017-11-25,24,46,Entertainment
2017-11-26,27,5,Education
2017-11-26,19,1,Travel & Events
2017-11-26,26,24,Howto & Style
2017-11-26,24,47,Entertainment
2017-11-26,2,2,Autos & Vehicles
2017-11-26,1,13,Film & Animation
2017-11-26,15,3,Pets & Animals
2017-11-26,20,1,Gaming
2017-11-26,28,11,Science & Technology
2017-11-26,17,9,Sports
2017-11-26,10,34,Music
2017-11-26,23,18,Comedy
2017-11-26,22,18,People & Blogs
2017-11-26,25,14,News & Politics
2017-11-27,26,22,Howto & Style
2017-11-27,28,9,Science & Technology
2017-11-27,25,14,News & Politics
2017-11-27,15,2,Pets & Animals
2017-11-27,1,13,Film & Animation
2017-11-27,27,6,Education
2017-11-27,20,1,Gaming
2017-11-27,19,2,Travel & Events
2017-11-27,10,31,Music
2017-11-27,23,22,Comedy
2017-11-27,24,48,Entertainment
2017-11-27,22,19,People & Blogs
2017-11-27,17,9,Sports
2017-11-27,2,2,Autos & Vehicles
2017-11-28,17,9,Sports
2017-11-28,27,7,Education
2017-11-28,28,13,Science & Technology
2017-11-28,22,17,People & Blogs
2017-11-28,26,23,Howto & Style
2017-11-28,15,2,Pets & Animals
2017-11-28,23,24,Comedy
2017-11-28,19,1,Travel & Events
2017-11-28,1,9,Film & Animation
2017-11-28,25,14,News & Politics
2017-11-28,10,32,Music
2017-11-28,24,46,Entertainment
2017-11-28,2,2,Autos & Vehicles
2017-11-28,20,1,Gaming
2017-11-29,25,14,News & Politics
2017-11-29,28,18,Science & Technology
2017-11-29,22,11,People & Blogs
2017-11-29,26,25,Howto & Style
2017-11-29,17,8,Sports
2017-11-29,23,24,Comedy
2017-11-29,24,48,Entertainment
2017-11-29,15,2,Pets & Animals
2017-11-29,2,3,Autos & Vehicles
2017-11-29,1,8,Film & Animation
2017-11-29,19,1,Travel & Events
2017-11-29,27,6,Education
2017-11-29,10,31,Music
2017-11-29,20,1,Gaming
2017-11-30,1,10,Film & Animation
2017-11-30,15,2,Pets & Animals
2017-11-30,26,22,Howto & Style
2017-11-30,17,8,Sports
2017-11-30,22,12,People & Blogs
2017-11-30,24,47,Entertainment
2017-11-30,23,27,Comedy
2017-11-30,29,1,Nonprofits & Activism
2017-11-30,25,16,News & Politics
2017-11-30,27,4,Education
2017-11-30,28,19,Science & Technology
2017-11-30,10,27,Music
2017-11-30,20,1,Gaming
2017-11-30,2,4,Autos & Vehicles
2017-12-01,1,9,Film & Animation
2017-12-01,27,5,Education
2017-12-01,28,15,Science & Technology
2017-12-01,17,9,Sports
2017-12-01,29,1,Nonprofits & Activism
2017-12-01,25,18,News & Politics
2017-12-01,2,4,Autos & Vehicles
2017-12-01,23,26,Comedy
2017-12-01,24,47,Entertainment
2017-12-01,10,25,Music
2017-12-01,26,22,Howto & Style
2017-12-01,15,4,Pets & Animals
2017-12-01,20,2,Gaming
2017-12-01,22,13,People & Blogs
2017-12-02,23,23,Comedy
2017-12-02,1,11,Film & Animation
2017-12-02,27,3,Education
2017-12-02,25,19,News & Politics
2017-12-02,22,14,People & Blogs
2017-12-02,17,8,Sports
2017-12-02,29,1,Nonprofits & Activism
2017-12-02,28,12,Science & Technology
2017-12-02,20,1,Gaming
2017-12-02,2,3,Autos & Vehicles
2017-12-02,26,17,Howto & Style
2017-12-02,24,47,Entertainment
2017-12-02,10,37,Music
2017-12-02,15,4,Pets & Animals
2017-12-03,23,19,Comedy
2017-12-03,1,10,Film & Animation
2017-12-03,28,11,Science & Technology
2017-12-03,2,3,Autos & Vehicles
2017-12-03,29,1,Nonprofits & Activism
2017-12-03,27,3,Education
2017-12-03,20,2,Gaming
2017-12-03,17,5,Sports
2017-12-03,25,16,News & Politics
2017-12-03,15,4,Pets & Animals
2017-12-03,10,42,Music
2017-12-03,22,14,People & Blogs
2017-12-03,26,16,Howto & Style
2017-12-03,24,54,Entertainment
2017-12-04,26,16,Howto & Style
2017-12-04,23,18,Comedy
2017-12-04,27,8,Education
2017-12-04,25,14,News & Politics
2017-12-04,20,2,Gaming
2017-12-04,2,3,Autos & Vehicles
2017-12-04,10,35,Music
2017-12-04,17,9,Sports
2017-12-04,19,1,Travel & Events
2017-12-04,24,54,Entertainment
2017-12-04,28,8,Science & Technology
2017-12-04,22,18,People & Blogs
2017-12-04,1,10,Film & Animation
2017-12-04,15,4,Pets & Animals
2017-12-05,20,2,Gaming
2017-12-05,19,1,Travel & Events
2017-12-05,2,3,Autos & Vehicles
2017-12-05,1,10,Film & Animation
2017-12-05,27,8,Education
2017-12-05,25,14,News & Politics
2017-12-05,28,8,Science & Technology
2017-12-05,17,11,Sports
2017-12-05,26,18,Howto & Style
2017-12-05,24,52,Entertainment
2017-12-05,22,18,People & Blogs
2017-12-05,23,16,Comedy
2017-12-05,15,3,Pets & Animals
2017-12-05,10,36,Music
2017-12-06,28,6,Science & Technology
2017-12-06,27,10,Education
2017-12-06,22,18,People & Blogs
2017-12-06,20,1,Gaming
2017-12-06,24,50,Entertainment
2017-12-06,17,14,Sports
2017-12-06,15,2,Pets & Animals
2017-12-06,2,2,Autos & Vehicles
2017-12-06,19,1,Travel & Events
2017-12-06,25,15,News & Politics
2017-12-06,10,38,Music
2017-12-06,23,17,Comedy
2017-12-06,26,17,Howto & Style
2017-12-06,1,9,Film & Animation
2017-12-07,2,2,Autos & Vehicles
2017-12-07,15,3,Pets & Animals
2017-12-07,25,15,News & Politics
2017-12-07,10,33,Music
2017-12-07,17,15,Sports
2017-12-07,27,12,Education
2017-12-07,26,14,Howto & Style
2017-12-07,28,9,Science & Technology
2017-12-07,23,16,Comedy
2017-12-07,20,2,Gaming
2017-12-07,1,10,Film & Animation
2017-12-07,24,52,Entertainment
2017-12-07,19,1,Travel & Events
2017-12-07,22,16,People & Blogs
2017-12-08,27,10,Education
2017-12-08,26,21,Howto & Style
2017-12-08,29,1,Nonprofits & Activism
2017-12-08,15,2,Pets & Animals
2017-12-08,2,2,Autos & Vehicles
2017-12-08,17,13,Sports
2017-12-08,28,7,Science & Technology
2017-12-08,23,17,Comedy
2017-12-08,1,8,Film & Animation
2017-12-08,24,52,Entertainment
2017-12-08,25,17,News & Politics
2017-12-08,22,22,People & Blogs
2017-12-08,20,3,Gaming
2017-12-08,10,23,Music
2017-12-08,19,2,Travel & Events
2017-12-09,29,1,Nonprofits & Activism
2017-12-09,15,2,Pets & Animals
2017-12-09,17,13,Sports
2017-12-09,2,1,Autos & Vehicles
2017-12-09,19,2,Travel & Events
2017-12-09,28,5,Science & Technology
2017-12-09,22,25,People & Blogs
2017-12-09,24,45,Entertainment
2017-12-09,27,9,Education
2017-12-09,23,16,Comedy
2017-12-09,26,21,Howto & Style
2017-12-09,20,7,Gaming
2017-12-09,1,8,Film & Animation
2017-12-09,10,27,Music
2017-12-09,25,18,News & Politics
2017-12-10,26,23,Howto & Style
2017-12-10,27,8,Education
2017-12-10,24,49,Entertainment
2017-12-10,19,1,Travel & Events
2017-12-10,1,8,Film & Animation
2017-12-10,23,15,Comedy
2017-12-10,17,10,Sports
2017-12-10,10,27,Music
2017-12-10,20,7,Gaming
2017-12-10,25,18,News & Politics
2017-12-10,22,26,People & Blogs
2017-12-10,2,1,Autos & Vehicles
2017-12-10,15,2,Pets & Animals
2017-12-10,28,4,Science & Technology
2017-12-10,29,1,Nonprofits & Activism
2017-12-11,25,20,News & Politics
2017-12-11,15,2,Pets & Animals
2017-12-11,2,1,Autos & Vehicles
2017-12-11,17,7,Sports
2017-12-11,27,7,Education
2017-12-11,24,52,Entertainment
2017-12-11,19,2,Travel & Events
2017-12-11,28,5,Science & Technology
2017-12-11,20,7,Gaming
2017-12-11,1,7,Film & Animation
2017-12-11,26,22,Howto & Style
2017-12-11,22,25,People & Blogs
2017-12-11,10,28,Music
2017-12-11,23,15,Comedy
2017-12-12,25,23,News & Politics
2017-12-12,20,7,Gaming
2017-12-12,26,23,Howto & Style
2017-12-12,2,2,Autos & Vehicles
2017-12-12,19,3,Travel & Events
2017-12-12,17,6,Sports
2017-12-12,10,22,Music
2017-12-12,15,3,Pets & Animals
2017-12-12,22,23,People & Blogs
2017-12-12,24,52,Entertainment
2017-12-12,1,7,Film & Animation
2017-12-12,23,17,Comedy
2017-12-12,28,5,Science & Technology
2017-12-12,27,7,Education
2017-12-13,19,2,Travel & Events
2017-12-13,28,10,Science & Technology
2017-12-13,24,51,Entertainment
2017-12-13,2,2,Autos & Vehicles
2017-12-13,27,7,Education
2017-12-13,15,3,Pets & Animals
2017-12-13,1,8,Film & Animation
2017-12-13,22,19,People & Blogs
2017-12-13,25,22,News & Politics
2017-12-13,23,18,Comedy
2017-12-13,17,4,Sports
2017-12-13,20,7,Gaming
2017-12-13,10,26,Music
2017-12-13,26,21,Howto & Style
2017-12-14,23,20,Comedy
2017-12-14,22,13,People & Blogs
2017-12-14,20,5,Gaming
2017-12-14,26,19,Howto & Style
2017-12-14,24,51,Entertainment
2017-12-14,15,5,Pets & Animals
2017-12-14,28,12,Science & Technology
2017-12-14,1,9,Film & Animation
2017-12-14,25,20,News & Politics
2017-12-14,10,34,Music
2017-12-14,27,8,Education
2017-12-14,17,4,Sports
2017-12-15,26,19,Howto & Style
2017-12-15,1,9,Film & Animation
2017-12-15,27,7,Education
2017-12-15,17,4,Sports
2017-12-15,20,1,Gaming
2017-12-15,15,5,Pets & Animals
2017-12-15,22,17,People & Blogs
2017-12-15,25,19,News & Politics
2017-12-15,24,57,Entertainment
2017-12-15,28,9,Science & Technology
2017-12-15,10,31,Music
2017-12-15,23,22,Comedy
2017-12-16,10,36,Music
2017-12-16,27,5,Education
2017-12-16,20,1,Gaming
2017-12-16,1,9,Film & Animation
2017-12-16,22,16,People & Blogs
2017-12-16,17,7,Sports
2017-12-16,2,1,Autos & Vehicles
2017-12-16,28,9,Science & Technology
2017-12-16,25,17,News & Politics
2017-12-16,24,55,Entertainment
2017-12-16,15,4,Pets & Animals
2017-12-16,26,18,Howto & Style
2017-12-16,23,20,Comedy
2017-12-16,29,1,Nonprofits & Activism
2017-12-16,19,1,Travel & Events
2017-12-17,19,1,Travel & Events
2017-12-17,22,14,People & Blogs
2017-12-17,2,1,Autos & Vehicles
2017-12-17,17,7,Sports
2017-12-17,27,5,Education
2017-12-17,26,19,Howto & Style
2017-12-17,24,54,Entertainment
2017-12-17,10,35,Music
2017-12-17,23,18,Comedy
2017-12-17,28,11,Science & Technology
2017-12-17,25,17,News & Politics
2017-12-17,1,10,Film & Animation
2017-12-17,29,1,Nonprofits & Activism
2017-12-17,20,2,Gaming
2017-12-17,15,5,Pets & Animals
2017-12-18,28,10,Science & Technology
2017-12-18,27,4,Education
2017-12-18,20,1,Gaming
2017-12-18,25,15,News & Politics
2017-12-18,26,20,Howto & Style
2017-12-18,23,18,Comedy
2017-12-18,17,9,Sports
2017-12-18,2,1,Autos & Vehicles
2017-12-18,29,1,Nonprofits & Activism
2017-12-18,10,31,Music
2017-12-18,22,15,People & Blogs
2017-12-18,15,4,Pets & Animals
2017-12-18,1,12,Film & Animation
2017-12-18,24,59,Entertainment
2017-12-19,2,2,Autos & Vehicles
2017-12-19,10,31,Music
2017-12-19,25,15,News & Politics
2017-12-19,27,6,Education
2017-12-19,24,56,Entertainment
2017-12-19,23,19,Comedy
2017-12-19,17,6,Sports
2017-12-19,22,18,People & Blogs
2017-12-19,28,7,Science & Technology
2017-12-19,19,2,Travel & Events
2017-12-19,29,1,Nonprofits & Activism
2017-12-19,20,1,Gaming
2017-12-19,15,2,Pets & Animals
2017-12-19,1,13,Film & Animation
2017-12-19,26,21,Howto & Style
2017-12-20,29,1,Nonprofits & Activism
2017-12-20,28,10,Science & Technology
2017-12-20,1,14,Film & Animation
2017-12-20,22,16,People & Blogs
2017-12-20,2,2,Autos & Vehicles
2017-12-20,10,27,Music
2017-12-20,27,7,Education
2017-12-20,17,8,Sports
2017-12-20,26,21,Howto & Style
2017-12-20,19,3,Travel & Events
2017-12-20,25,15,News & Politics
2017-12-20,23,18,Comedy
2017-12-20,24,56,Entertainment
2017-12-20,20,1,Gaming
2017-12-20,15,1,Pets & Animals
2017-12-21,22,15,People & Blogs
2017-12-21,25,18,News & Politics
2017-12-21,15,3,Pets & Animals
2017-12-21,10,29,Music
2017-12-21,19,3,Travel & Events
2017-12-21,26,18,Howto & Style
2017-12-21,17,9,Sports
2017-12-21,28,8,Science & Technology
2017-12-21,27,8,Education
2017-12-21,2,2,Autos & Vehicles
2017-12-21,29,1,Nonprofits & Activism
2017-12-21,24,51,Entertainment
2017-12-21,1,16,Film & Animation
2017-12-21,23,18,Comedy
2017-12-21,20,1,Gaming
2017-12-22,10,27,Music
2017-12-22,25,20,News & Politics
2017-12-22,28,9,Science & Technology
2017-12-22,29,1,Nonprofits & Activism
2017-12-22,2,2,Autos & Vehicles
2017-12-22,17,11,Sports
2017-12-22,24,53,Entertainment
2017-12-22,1,13,Film & Animation
2017-12-22,22,13,People & Blogs
2017-12-22,23,19,Comedy
2017-12-22,27,9,Education
2017-12-22,26,16,Howto & Style
2017-12-22,15,3,Pets & Animals
2017-12-22,19,4,Travel & Events
2017-12-23,25,21,News & Politics
2017-12-23,26,13,Howto & Style
2017-12-23,27,9,Education
2017-12-23,28,12,Science & Technology
2017-12-23,19,4,Travel & Events
2017-12-23,43,1,Shows
2017-12-23,1,15,Film & Animation
2017-12-23,23,18,Comedy
2017-12-23,22,14,People & Blogs
2017-12-23,10,30,Music
2017-12-23,15,4,Pets & Animals
2017-12-23,17,12,Sports
2017-12-23,24,46,Entertainment
2017-12-23,2,1,Autos & Vehicles
2017-12-24,22,15,People & Blogs
2017-12-24,28,10,Science & Technology
2017-12-24,23,19,Comedy
2017-12-24,25,20,News & Politics
2017-12-24,1,16,Film & Animation
2017-12-24,10,32,Music
2017-12-24,26,15,Howto & Style
2017-12-24,43,1,Shows
2017-12-24,19,5,Travel & Events
2017-12-24,15,5,Pets & Animals
2017-12-24,27,9,Education
2017-12-24,17,10,Sports
2017-12-24,24,43,Entertainment
2017-12-25,24,45,Entertainment
2017-12-25,25,20,News & Politics
2017-12-25,27,8,Education
2017-12-25,43,1,Shows
2017-12-25,1,16,Film & Animation
2017-12-25,17,9,Sports
2017-12-25,28,9,Science & Technology
2017-12-25,2,1,Autos & Vehicles
2017-12-25,23,20,Comedy
2017-12-25,26,16,Howto & Style
2017-12-25,22,13,People & Blogs
2017-12-25,15,5,Pets & Animals
2017-12-25,19,5,Travel & Events
2017-12-25,10,32,Music
2017-12-26,26,16,Howto & Style
2017-12-26,24,43,Entertainment
2017-12-26,22,12,People & Blogs
2017-12-26,23,18,Comedy
2017-12-26,15,6,Pets & Animals
2017-12-26,1,16,Film & Animation
2017-12-26,43,1,Shows
2017-12-26,27,8,Education
2017-12-26,17,10,Sports
2017-12-26,25,20,News & Politics
2017-12-26,28,10,Science & Technology
2017-12-26,19,5,Travel & Events
2017-12-26,10,33,Music
2017-12-26,2,2,Autos & Vehicles
2017-12-27,43,1,Shows
2017-12-27,1,13,Film & Animation
2017-12-27,15,6,Pets & Animals
2017-12-27,23,20,Comedy
2017-12-27,26,15,Howto & Style
2017-12-27,2,2,Autos & Vehicles
2017-12-27,22,13,People & Blogs
2017-12-27,19,5,Travel & Events
2017-12-27,25,19,News & Politics
2017-12-27,28,10,Science & Technology
2017-12-27,10,34,Music
2017-12-27,17,10,Sports
2017-12-27,24,43,Entertainment
2017-12-27,27,9,Education
2017-12-28,15,7,Pets & Animals
2017-12-28,28,13,Science & Technology
2017-12-28,22,15,People & Blogs
2017-12-28,24,45,Entertainment
2017-12-28,43,1,Shows
2017-12-28,23,19,Comedy
2017-12-28,25,18,News & Politics
2017-12-28,19,6,Travel & Events
2017-12-28,17,9,Sports
2017-12-28,1,15,Film & Animation
2017-12-28,26,15,Howto & Style
2017-12-28,27,6,Education
2017-12-28,10,28,Music
2017-12-28,2,3,Autos & Vehicles
2017-12-29,24,45,Entertainment
2017-12-29,26,15,Howto & Style
2017-12-29,1,18,Film & Animation
2017-12-29,19,6,Travel & Events
2017-12-29,2,3,Autos & Vehicles
2017-12-29,43,1,Shows
2017-12-29,17,10,Sports
2017-12-29,27,6,Education
2017-12-29,23,19,Comedy
2017-12-29,22,15,People & Blogs
2017-12-29,10,27,Music
2017-12-29,28,12,Science & Technology
2017-12-29,25,16,News & Politics
2017-12-29,15,7,Pets & Animals
2017-12-30,26,15,Howto & Style
2017-12-30,43,1,Shows
2017-12-30,19,6,Travel & Events
2017-12-30,1,17,Film & Animation
2017-12-30,25,15,News & Politics
2017-12-30,17,10,Sports
2017-12-30,24,46,Entertainment
2017-12-30,10,27,Music
2017-12-30,28,12,Science & Technology
2017-12-30,2,3,Autos & Vehicles
2017-12-30,15,8,Pets & Animals
2017-12-30,22,14,People & Blogs
2017-12-30,23,20,Comedy
2017-12-30,27,6,Education
2017-12-31,28,11,Science & Technology
2017-12-31,2,3,Autos & Vehicles
2017-12-31,43,1,Shows
2017-12-31,19,4,Travel & Events
2017-12-31,17,9,Sports
2017-12-31,27,7,Education
2017-12-31,26,18,Howto & Style
2017-12-31,25,13,News & Politics
2017-12-31,10,27,Music
2017-12-31,1,14,Film & Animation
2017-12-31,15,9,Pets & Animals
2017-12-31,24,44,Entertainment
2017-12-31,22,19,People & Blogs
2017-12-31,23,21,Comedy
2018-01-01,43,1,Shows
2018-01-01,26,18,Howto & Style
2018-01-01,19,4,Travel & Events
2018-01-01,2,3,Autos & Vehicles
2018-01-01,17,10,Sports
2018-01-01,27,7,Education
2018-01-01,22,20,People & Blogs
2018-01-01,23,21,Comedy
2018-01-01,15,9,Pets & Animals
2018-01-01,10,27,Music
2018-01-01,1,15,Film & Animation
2018-01-01,25,11,News & Politics
2018-01-01,24,43,Entertainment
2018-01-01,28,11,Science & Technology
2018-01-02,24,42,Entertainment
2018-01-02,23,23,Comedy
2018-01-02,1,15,Film & Animation
2018-01-02,25,10,News & Politics
2018-01-02,28,12,Science & Technology
2018-01-02,43,1,Shows
2018-01-02,17,10,Sports
2018-01-02,19,4,Travel & Events
2018-01-02,26,19,Howto & Style
2018-01-02,2,3,Autos & Vehicles
2018-01-02,27,7,Education
2018-01-02,10,26,Music
2018-01-02,15,9,Pets & Animals
2018-01-02,22,19,People & Blogs
2018-01-03,1,14,Film & Animation
2018-01-03,2,3,Autos & Vehicles
2018-01-03,15,8,Pets & Animals
2018-01-03,26,22,Howto & Style
2018-01-03,22,20,People & Blogs
2018-01-03,25,11,News & Politics
2018-01-03,19,3,Travel & Events
2018-01-03,23,19,Comedy
2018-01-03,28,12,Science & Technology
2018-01-03,17,9,Sports
2018-01-03,10,24,Music
2018-01-03,24,44,Entertainment
2018-01-03,27,10,Education
2018-01-03,20,1,Gaming
2018-01-04,1,12,Film & Animation
2018-01-04,10,21,Music
2018-01-04,25,10,News & Politics
2018-01-04,19,2,Travel & Events
2018-01-04,20,1,Gaming
2018-01-04,17,10,Sports
2018-01-04,2,4,Autos & Vehicles
2018-01-04,22,21,People & Blogs
2018-01-04,15,8,Pets & Animals
2018-01-04,28,13,Science & Technology
2018-01-04,23,21,Comedy
2018-01-04,27,11,Education
2018-01-04,26,22,Howto & Style
2018-01-04,24,44,Entertainment
2018-01-05,27,12,Education
2018-01-05,19,6,Travel & Events
2018-01-05,29,1,Nonprofits & Activism
2018-01-05,22,18,People & Blogs
2018-01-05,25,9,News & Politics
2018-01-05,28,14,Science & Technology
2018-01-05,15,9,Pets & Animals
2018-01-05,1,10,Film & Animation
2018-01-05,24,41,Entertainment
2018-01-05,10,23,Music
2018-01-05,20,3,Gaming
2018-01-05,26,24,Howto & Style
2018-01-05,17,9,Sports
2018-01-05,2,3,Autos & Vehicles
2018-01-05,23,18,Comedy
2018-01-06,25,11,News & Politics
2018-01-06,20,3,Gaming
2018-01-06,19,6,Travel & Events
2018-01-06,22,18,People & Blogs
2018-01-06,2,3,Autos & Vehicles
2018-01-06,17,7,Sports
2018-01-06,29,1,Nonprofits & Activism
2018-01-06,15,9,Pets & Animals
2018-01-06,26,25,Howto & Style
2018-01-06,27,11,Education
2018-01-06,23,18,Comedy
2018-01-06,24,38,Entertainment
2018-01-06,28,12,Science & Technology
2018-01-06,1,12,Film & Animation
2018-01-06,10,26,Music
2018-01-07,2,3,Autos & Vehicles
2018-01-07,28,12,Science & Technology
2018-01-07,24,36,Entertainment
2018-01-07,23,20,Comedy
2018-01-07,22,17,People & Blogs
2018-01-07,26,22,Howto & Style
2018-01-07,15,8,Pets & Animals
2018-01-07,10,28,Music
2018-01-07,1,12,Film & Animation
2018-01-07,17,8,Sports
2018-01-07,27,11,Education
2018-01-07,25,12,News & Politics
2018-01-07,19,6,Travel & Events
2018-01-07,29,1,Nonprofits & Activism
2018-01-07,20,4,Gaming
2018-01-08,17,10,Sports
2018-01-08,24,41,Entertainment
2018-01-08,1,14,Film & Animation
2018-01-08,26,19,Howto & Style
2018-01-08,25,14,News & Politics
2018-01-08,15,7,Pets & Animals
2018-01-08,23,17,Comedy
2018-01-08,28,13,Science & Technology
2018-01-08,27,12,Education
2018-01-08,22,14,People & Blogs
2018-01-08,10,25,Music
2018-01-08,20,4,Gaming
2018-01-08,19,6,Travel & Events
2018-01-08,29,1,Nonprofits & Activism
2018-01-08,2,3,Autos & Vehicles
2018-01-09,17,9,Sports
2018-01-09,10,23,Music
2018-01-09,1,13,Film & Animation
2018-01-09,22,14,People & Blogs
2018-01-09,24,50,Entertainment
2018-01-09,19,5,Travel & Events
2018-01-09,26,16,Howto & Style
2018-01-09,27,10,Education
2018-01-09,15,5,Pets & Animals
2018-01-09,20,3,Gaming
2018-01-09,23,17,Comedy
2018-01-09,2,4,Autos & Vehicles
2018-01-09,29,1,Nonprofits & Activism
2018-01-09,25,18,News & Politics
2018-01-09,28,12,Science & Technology
2018-01-12,25,16,News & Politics
2018-01-12,1,13,Film & Animation
2018-01-12,27,10,Education
2018-01-12,23,14,Comedy
2018-01-12,20,3,Gaming
2018-01-12,26,13,Howto & Style
2018-01-12,29,1,Nonprofits & Activism
2018-01-12,28,18,Science & Technology
2018-01-12,15,6,Pets & Animals
2018-01-12,22,13,People & Blogs
2018-01-12,10,22,Music
2018-01-12,24,55,Entertainment
2018-01-12,2,3,Autos & Vehicles
2018-01-12,19,2,Travel & Events
2018-01-12,17,11,Sports
2018-01-13,27,8,Education
2018-01-13,2,3,Autos & Vehicles
2018-01-13,22,16,People & Blogs
2018-01-13,24,51,Entertainment
2018-01-13,20,4,Gaming
2018-01-13,26,12,Howto & Style
2018-01-13,17,9,Sports
2018-01-13,19,1,Travel & Events
2018-01-13,10,27,Music
2018-01-13,23,15,Comedy
2018-01-13,1,10,Film & Animation
2018-01-13,25,17,News & Politics
2018-01-13,15,7,Pets & Animals
2018-01-13,28,20,Science & Technology
2018-01-14,2,2,Autos & Vehicles
2018-01-14,27,8,Education
2018-01-14,24,50,Entertainment
2018-01-14,23,14,Comedy
2018-01-14,26,15,Howto & Style
2018-01-14,1,13,Film & Animation
2018-01-14,19,2,Travel & Events
2018-01-14,22,17,People & Blogs
2018-01-14,20,4,Gaming
2018-01-14,29,1,Nonprofits & Activism
2018-01-14,10,27,Music
2018-01-14,25,18,News & Politics
2018-01-14,28,16,Science & Technology
2018-01-14,17,8,Sports
2018-01-14,15,5,Pets & Animals
2018-01-15,28,15,Science & Technology
2018-01-15,1,14,Film & Animation
2018-01-15,24,49,Entertainment
2018-01-15,26,18,Howto & Style
2018-01-15,19,2,Travel & Events
2018-01-15,29,1,Nonprofits & Activism
2018-01-15,27,9,Education
2018-01-15,10,25,Music
2018-01-15,20,4,Gaming
2018-01-15,25,16,News & Politics
2018-01-15,23,13,Comedy
2018-01-15,15,8,Pets & Animals
2018-01-15,22,18,People & Blogs
2018-01-15,17,8,Sports
2018-01-16,23,14,Comedy
2018-01-16,17,9,Sports
2018-01-16,29,1,Nonprofits & Activism
2018-01-16,24,46,Entertainment
2018-01-16,25,20,News & Politics
2018-01-16,26,17,Howto & Style
2018-01-16,15,7,Pets & Animals
2018-01-16,22,18,People & Blogs
2018-01-16,20,4,Gaming
2018-01-16,19,2,Travel & Events
2018-01-16,10,25,Music
2018-01-16,28,15,Science & Technology
2018-01-16,1,14,Film & Animation
2018-01-16,27,8,Education
2018-01-17,26,18,Howto & Style
2018-01-17,2,4,Autos & Vehicles
2018-01-17,15,5,Pets & Animals
2018-01-17,24,47,Entertainment
2018-01-17,1,15,Film & Animation
2018-01-17,25,21,News & Politics
2018-01-17,20,5,Gaming
2018-01-17,19,1,Travel & Events
2018-01-17,17,9,Sports
2018-01-17,23,14,Comedy
2018-01-17,22,16,People & Blogs
2018-01-17,28,11,Science & Technology
2018-01-17,10,26,Music
2018-01-17,27,8,Education
2018-01-18,28,11,Science & Technology
2018-01-18,1,14,Film & Animation
2018-01-18,20,5,Gaming
2018-01-18,10,20,Music
2018-01-18,22,17,People & Blogs
2018-01-18,24,40,Entertainment
2018-01-18,17,12,Sports
2018-01-18,27,9,Education
2018-01-18,25,21,News & Politics
2018-01-18,2,6,Autos & Vehicles
2018-01-18,19,2,Travel & Events
2018-01-18,23,15,Comedy
2018-01-18,15,5,Pets & Animals
2018-01-18,26,23,Howto & Style
2018-01-19,10,18,Music
2018-01-19,26,30,Howto & Style
2018-01-19,1,11,Film & Animation
2018-01-19,2,8,Autos & Vehicles
2018-01-19,27,10,Education
2018-01-19,28,11,Science & Technology
2018-01-19,17,13,Sports
2018-01-19,15,4,Pets & Animals
2018-01-19,22,12,People & Blogs
2018-01-19,24,40,Entertainment
2018-01-19,23,15,Comedy
2018-01-19,25,22,News & Politics
2018-01-19,20,6,Gaming
2018-01-20,28,10,Science & Technology
2018-01-20,15,3,Pets & Animals
2018-01-20,2,7,Autos & Vehicles
2018-01-20,27,8,Education
2018-01-20,20,4,Gaming
2018-01-20,23,15,Comedy
2018-01-20,25,24,News & Politics
2018-01-20,24,45,Entertainment
2018-01-20,10,22,Music
2018-01-20,1,10,Film & Animation
2018-01-20,22,12,People & Blogs
2018-01-20,26,26,Howto & Style
2018-01-20,17,14,Sports
2018-01-21,2,5,Autos & Vehicles
2018-01-21,20,3,Gaming
2018-01-21,26,24,Howto & Style
2018-01-21,10,23,Music
2018-01-21,28,10,Science & Technology
2018-01-21,1,11,Film & Animation
2018-01-21,15,3,Pets & Animals
2018-01-21,17,16,Sports
2018-01-21,22,11,People & Blogs
2018-01-21,25,24,News & Politics
2018-01-21,23,18,Comedy
2018-01-21,24,44,Entertainment
2018-01-21,27,8,Education
2018-01-22,25,24,News & Politics
2018-01-22,28,11,Science & Technology
2018-01-22,20,3,Gaming
2018-01-22,23,16,Comedy
2018-01-22,17,15,Sports
2018-01-22,26,23,Howto & Style
2018-01-22,2,5,Autos & Vehicles
2018-01-22,10,22,Music
2018-01-22,1,11,Film & Animation
2018-01-22,24,41,Entertainment
2018-01-22,22,13,People & Blogs
2018-01-22,27,8,Education
2018-01-22,15,8,Pets & Animals
2018-01-23,27,9,Education
2018-01-23,15,6,Pets & Animals
2018-01-23,10,21,Music
2018-01-23,2,5,Autos & Vehicles
2018-01-23,25,22,News & Politics
2018-01-23,1,13,Film & Animation
2018-01-23,22,15,People & Blogs
2018-01-23,26,22,Howto & Style
2018-01-23,20,4,Gaming
2018-01-23,28,12,Science & Technology
2018-01-23,23,15,Comedy
2018-01-23,24,42,Entertainment
2018-01-23,17,14,Sports
2018-01-24,26,18,Howto & Style
2018-01-24,22,16,People & Blogs
2018-01-24,20,5,Gaming
2018-01-24,10,24,Music
2018-01-24,1,13,Film & Animation
2018-01-24,25,23,News & Politics
2018-01-24,17,17,Sports
2018-01-24,24,43,Entertainment
2018-01-24,15,5,Pets & Animals
2018-01-24,27,8,Education
2018-01-24,23,16,Comedy
2018-01-24,28,8,Science & Technology
2018-01-24,2,4,Autos & Vehicles
2018-01-25,17,16,Sports
2018-01-25,2,3,Autos & Vehicles
2018-01-25,29,1,Nonprofits & Activism
2018-01-25,24,46,Entertainment
2018-01-25,1,11,Film & Animation
2018-01-25,26,12,Howto & Style
2018-01-25,23,18,Comedy
2018-01-25,20,5,Gaming
2018-01-25,10,28,Music
2018-01-25,28,8,Science & Technology
2018-01-25,22,14,People & Blogs
2018-01-25,27,7,Education
2018-01-25,25,23,News & Politics
2018-01-25,15,8,Pets & Animals
2018-01-26,24,50,Entertainment
2018-01-26,17,13,Sports
2018-01-26,23,14,Comedy
2018-01-26,43,1,Shows
2018-01-26,2,2,Autos & Vehicles
2018-01-26,25,20,News & Politics
2018-01-26,10,27,Music
2018-01-26,27,9,Education
2018-01-26,20,4,Gaming
2018-01-26,29,1,Nonprofits & Activism
2018-01-26,26,14,Howto & Style
2018-01-26,1,11,Film & Animation
2018-01-26,22,16,People & Blogs
2018-01-26,15,6,Pets & Animals
2018-01-26,28,12,Science & Technology
2018-01-27,10,34,Music
2018-01-27,26,13,Howto & Style
2018-01-27,2,1,Autos & Vehicles
2018-01-27,17,13,Sports
2018-01-27,28,10,Science & Technology
2018-01-27,29,1,Nonprofits & Activism
2018-01-27,20,5,Gaming
2018-01-27,15,5,Pets & Animals
2018-01-27,25,19,News & Politics
2018-01-27,43,1,Shows
2018-01-27,27,9,Education
2018-01-27,22,16,People & Blogs
2018-01-27,1,12,Film & Animation
2018-01-27,23,14,Comedy
2018-01-27,24,47,Entertainment
2018-01-28,10,35,Music
2018-01-28,15,7,Pets & Animals
2018-01-28,43,1,Shows
2018-01-28,22,17,People & Blogs
2018-01-28,27,8,Education
2018-01-28,24,45,Entertainment
2018-01-28,29,1,Nonprofits & Activism
2018-01-28,17,13,Sports
2018-01-28,23,12,Comedy
2018-01-28,25,19,News & Politics
2018-01-28,28,8,Science & Technology
2018-01-28,1,11,Film & Animation
2018-01-28,26,16,Howto & Style
2018-01-28,20,5,Gaming
2018-01-28,2,1,Autos & Vehicles
2018-01-28,19,1,Travel & Events
2018-01-29,24,43,Entertainment
2018-01-29,25,17,News & Politics
2018-01-29,23,15,Comedy
2018-01-29,28,8,Science & Technology
2018-01-29,27,7,Education
2018-01-29,20,6,Gaming
2018-01-29,17,12,Sports
2018-01-29,10,38,Music
2018-01-29,1,10,Film & Animation
2018-01-29,26,14,Howto & Style
2018-01-29,15,9,Pets & Animals
2018-01-29,29,1,Nonprofits & Activism
2018-01-29,2,1,Autos & Vehicles
2018-01-29,19,1,Travel & Events
2018-01-29,43,1,Shows
2018-01-29,22,16,People & Blogs
2018-01-30,20,7,Gaming
2018-01-30,26,18,Howto & Style
2018-01-30,2,1,Autos & Vehicles
2018-01-30,27,6,Education
2018-01-30,25,14,News & Politics
2018-01-30,43,1,Shows
2018-01-30,29,1,Nonprofits & Activism
2018-01-30,28,10,Science & Technology
2018-01-30,23,12,Comedy
2018-01-30,15,10,Pets & Animals
2018-01-30,17,13,Sports
2018-01-30,1,10,Film & Animation
2018-01-30,22,17,People & Blogs
2018-01-30,24,42,Entertainment
2018-01-30,10,38,Music
2018-01-31,29,1,Nonprofits & Activism
2018-01-31,25,14,News & Politics
2018-01-31,17,13,Sports
2018-01-31,26,18,Howto & Style
2018-01-31,27,6,Education
2018-01-31,15,11,Pets & Animals
2018-01-31,1,10,Film & Animation
2018-01-31,23,12,Comedy
2018-01-31,24,43,Entertainment
2018-01-31,22,16,People & Blogs
2018-01-31,2,1,Autos & Vehicles
2018-01-31,10,33,Music
2018-01-31,20,7,Gaming
2018-01-31,28,12,Science & Technology
2018-02-01,1,10,Film & Animation
2018-02-01,20,7,Gaming
2018-02-01,17,12,Sports
2018-02-01,22,16,People & Blogs
2018-02-01,25,17,News & Politics
2018-02-01,24,43,Entertainment
2018-02-01,23,12,Comedy
2018-02-01,27,9,Education
2018-02-01,2,2,Autos & Vehicles
2018-02-01,26,16,Howto & Style
2018-02-01,15,10,Pets & Animals
2018-02-01,29,1,Nonprofits & Activism
2018-02-01,28,11,Science & Technology
2018-02-01,10,31,Music
2018-02-02,23,15,Comedy
2018-02-02,10,27,Music
2018-02-02,17,14,Sports
2018-02-02,25,17,News & Politics
2018-02-02,28,14,Science & Technology
2018-02-02,26,16,Howto & Style
2018-02-02,15,7,Pets & Animals
2018-02-02,27,8,Education
2018-02-02,24,44,Entertainment
2018-02-02,22,14,People & Blogs
2018-02-02,29,1,Nonprofits & Activism
2018-02-02,2,4,Autos & Vehicles
2018-02-02,1,10,Film & Animation
2018-02-02,20,5,Gaming
2018-02-03,28,12,Science & Technology
2018-02-03,26,14,Howto & Style
2018-02-03,15,5,Pets & Animals
2018-02-03,22,11,People & Blogs
2018-02-03,17,14,Sports
2018-02-03,20,6,Gaming
2018-02-03,2,5,Autos & Vehicles
2018-02-03,23,13,Comedy
2018-02-03,24,47,Entertainment
2018-02-03,25,21,News & Politics
2018-02-03,27,8,Education
2018-02-03,1,7,Film & Animation
2018-02-03,10,33,Music
2018-02-04,22,14,People & Blogs
2018-02-04,2,5,Autos & Vehicles
2018-02-04,24,50,Entertainment
2018-02-04,10,31,Music
2018-02-04,28,12,Science & Technology
2018-02-04,26,16,Howto & Style
2018-02-04,15,5,Pets & Animals
2018-02-04,27,9,Education
2018-02-04,20,6,Gaming
2018-02-04,1,5,Film & Animation
2018-02-04,29,1,Nonprofits & Activism
2018-02-04,17,9,Sports
2018-02-04,23,12,Comedy
2018-02-04,25,21,News & Politics
2018-02-05,1,8,Film & Animation
2018-02-05,2,8,Autos & Vehicles
2018-02-05,27,7,Education
2018-02-05,15,6,Pets & Animals
2018-02-05,29,1,Nonprofits & Activism
2018-02-05,22,19,People & Blogs
2018-02-05,17,6,Sports
2018-02-05,19,2,Travel & Events
2018-02-05,23,10,Comedy
2018-02-05,25,21,News & Politics
2018-02-05,26,13,Howto & Style
2018-02-05,20,5,Gaming
2018-02-05,24,51,Entertainment
2018-02-05,10,27,Music
2018-02-05,28,15,Science & Technology
2018-02-06,26,13,Howto & Style
2018-02-06,2,8,Autos & Vehicles
2018-02-06,27,9,Education
2018-02-06,25,22,News & Politics
2018-02-06,19,2,Travel & Events
2018-02-06,15,6,Pets & Animals
2018-02-06,20,5,Gaming
2018-02-06,29,1,Nonprofits & Activism
2018-02-06,1,9,Film & Animation
2018-02-06,24,49,Entertainment
2018-02-06,10,25,Music
2018-02-06,28,15,Science & Technology
2018-02-06,23,11,Comedy
2018-02-06,22,17,People & Blogs
2018-02-06,17,7,Sports
2018-02-07,17,9,Sports
2018-02-07,20,3,Gaming
2018-02-07,29,1,Nonprofits & Activism
2018-02-07,27,7,Education
2018-02-07,2,7,Autos & Vehicles
2018-02-07,1,9,Film & Animation
2018-02-07,15,6,Pets & Animals
2018-02-07,25,22,News & Politics
2018-02-07,22,13,People & Blogs
2018-02-07,26,15,Howto & Style
2018-02-07,19,5,Travel & Events
2018-02-07,24,49,Entertainment
2018-02-07,23,15,Comedy
2018-02-07,10,23,Music
2018-02-07,28,15,Science & Technology
2018-02-08,28,17,Science & Technology
2018-02-08,29,1,Nonprofits & Activism
2018-02-08,27,8,Education
2018-02-08,17,8,Sports
2018-02-08,2,8,Autos & Vehicles
2018-02-08,25,21,News & Politics
2018-02-08,26,14,Howto & Style
2018-02-08,15,5,Pets & Animals
2018-02-08,19,5,Travel & Events
2018-02-08,1,11,Film & Animation
2018-02-08,22,17,People & Blogs
2018-02-08,24,47,Entertainment
2018-02-08,10,20,Music
2018-02-08,20,4,Gaming
2018-02-08,23,14,Comedy
2018-02-09,2,7,Autos & Vehicles
2018-02-09,29,1,Nonprofits & Activism
2018-02-09,19,6,Travel & Events
2018-02-09,25,20,News & Politics
2018-02-09,20,2,Gaming
2018-02-09,26,17,Howto & Style
2018-02-09,15,5,Pets & Animals
2018-02-09,27,10,Education
2018-02-09,17,7,Sports
2018-02-09,22,16,People & Blogs
2018-02-09,10,20,Music
2018-02-09,28,15,Science & Technology
2018-02-09,1,13,Film & Animation
2018-02-09,23,16,Comedy
2018-02-09,24,45,Entertainment
2018-02-10,25,17,News & Politics
2018-02-10,19,5,Travel & Events
2018-02-10,20,1,Gaming
2018-02-10,2,6,Autos & Vehicles
2018-02-10,15,5,Pets & Animals
2018-02-10,28,15,Science & Technology
2018-02-10,27,11,Education
2018-02-10,22,20,People & Blogs
2018-02-10,10,24,Music
2018-02-10,24,41,Entertainment
2018-02-10,17,7,Sports
2018-02-10,23,17,Comedy
2018-02-10,1,14,Film & Animation
2018-02-10,26,17,Howto & Style
2018-02-11,10,24,Music
2018-02-11,19,4,Travel & Events
2018-02-11,20,1,Gaming
2018-02-11,2,6,Autos & Vehicles
2018-02-11,15,6,Pets & Animals
2018-02-11,28,14,Science & Technology
2018-02-11,27,11,Education
2018-02-11,24,41,Entertainment
2018-02-11,1,13,Film & Animation
2018-02-11,17,9,Sports
2018-02-11,26,18,Howto & Style
2018-02-11,23,17,Comedy
2018-02-11,25,17,News & Politics
2018-02-11,22,19,People & Blogs
2018-02-12,15,4,Pets & Animals
2018-02-12,28,14,Science & Technology
2018-02-12,20,2,Gaming
2018-02-12,2,7,Autos & Vehicles
2018-02-12,25,16,News & Politics
2018-02-12,26,19,Howto & Style
2018-02-12,17,10,Sports
2018-02-12,19,3,Travel & Events
2018-02-12,27,10,Education
2018-02-12,1,13,Film & Animation
2018-02-12,23,19,Comedy
2018-02-12,22,16,People & Blogs
2018-02-12,24,42,Entertainment
2018-02-12,10,23,Music
2018-02-13,2,6,Autos & Vehicles
2018-02-13,15,4,Pets & Animals
2018-02-13,28,14,Science & Technology
2018-02-13,20,2,Gaming
2018-02-13,26,19,Howto & Style
2018-02-13,19,3,Travel & Events
2018-02-13,24,43,Entertainment
2018-02-13,22,16,People & Blogs
2018-02-13,10,23,Music
2018-02-13,1,13,Film & Animation
2018-02-13,23,19,Comedy
2018-02-13,25,17,News & Politics
2018-02-13,27,10,Education
2018-02-13,17,10,Sports
2018-02-14,25,19,News & Politics
2018-02-14,19,2,Travel & Events
2018-02-14,2,5,Autos & Vehicles
2018-02-14,20,3,Gaming
2018-02-14,26,18,Howto & Style
2018-02-14,1,12,Film & Animation
2018-02-14,27,7,Education
2018-02-14,15,7,Pets & Animals
2018-02-14,10,26,Music
2018-02-14,24,45,Entertainment
2018-02-14,28,14,Science & Technology
2018-02-14,22,15,People & Blogs
2018-02-14,17,11,Sports
2018-02-14,23,15,Comedy
2018-02-15,27,8,Education
2018-02-15,19,2,Travel & Events
2018-02-15,2,4,Autos & Vehicles
2018-02-15,20,3,Gaming
2018-02-15,15,6,Pets & Animals
2018-02-15,28,13,Science & Technology
2018-02-15,24,43,Entertainment
2018-02-15,23,17,Comedy
2018-02-15,22,17,People & Blogs
2018-02-15,26,16,Howto & Style
2018-02-15,25,18,News & Politics
2018-02-15,10,26,Music
2018-02-15,17,10,Sports
2018-02-15,1,16,Film & Animation
2018-02-16,2,4,Autos & Vehicles
2018-02-16,19,1,Travel & Events
2018-02-16,29,1,Nonprofits & Activism
2018-02-16,20,3,Gaming
2018-02-16,28,12,Science & Technology
2018-02-16,15,6,Pets & Animals
2018-02-16,25,16,News & Politics
2018-02-16,24,38,Entertainment
2018-02-16,17,10,Sports
2018-02-16,27,9,Education
2018-02-16,22,18,People & Blogs
2018-02-16,10,32,Music
2018-02-16,26,19,Howto & Style
2018-02-16,23,16,Comedy
2018-02-16,1,15,Film & Animation
2018-02-17,27,9,Education
2018-02-17,22,18,People & Blogs
2018-02-17,23,17,Comedy
2018-02-17,19,1,Travel & Events
2018-02-17,2,2,Autos & Vehicles
2018-02-17,29,2,Nonprofits & Activism
2018-02-17,28,10,Science & Technology
2018-02-17,17,9,Sports
2018-02-17,20,3,Gaming
2018-02-17,26,18,Howto & Style
2018-02-17,15,5,Pets & Animals
2018-02-17,1,14,Film & Animation
2018-02-17,24,40,Entertainment
2018-02-17,25,15,News & Politics
2018-02-17,10,37,Music
2018-02-18,2,2,Autos & Vehicles
2018-02-18,24,39,Entertainment
2018-02-18,23,17,Comedy
2018-02-18,1,12,Film & Animation
2018-02-18,19,1,Travel & Events
2018-02-18,29,1,Nonprofits & Activism
2018-02-18,20,3,Gaming
2018-02-18,15,5,Pets & Animals
2018-02-18,27,9,Education
2018-02-18,22,18,People & Blogs
2018-02-18,28,12,Science & Technology
2018-02-18,17,10,Sports
2018-02-18,26,20,Howto & Style
2018-02-18,25,15,News & Politics
2018-02-18,10,36,Music
2018-02-19,2,2,Autos & Vehicles
2018-02-19,26,19,Howto & Style
2018-02-19,29,2,Nonprofits & Activism
2018-02-19,15,6,Pets & Animals
2018-02-19,17,12,Sports
2018-02-19,19,2,Travel & Events
2018-02-19,24,42,Entertainment
2018-02-19,27,10,Education
2018-02-19,28,14,Science & Technology
2018-02-19,10,29,Music
2018-02-19,23,18,Comedy
2018-02-19,25,15,News & Politics
2018-02-19,1,9,Film & Animation
2018-02-19,22,18,People & Blogs
2018-02-19,20,2,Gaming
2018-02-20,29,2,Nonprofits & Activism
2018-02-20,19,2,Travel & Events
2018-02-20,27,9,Education
2018-02-20,17,11,Sports
2018-02-20,24,42,Entertainment
2018-02-20,22,20,People & Blogs
2018-02-20,1,9,Film & Animation
2018-02-20,26,16,Howto & Style
2018-02-20,25,16,News & Politics
2018-02-20,10,31,Music
2018-02-20,28,15,Science & Technology
2018-02-20,23,17,Comedy
2018-02-20,15,7,Pets & Animals
2018-02-20,2,1,Autos & Vehicles
2018-02-20,20,2,Gaming
2018-02-21,22,17,People & Blogs
2018-02-21,17,18,Sports
2018-02-21,26,17,Howto & Style
2018-02-21,10,31,Music
2018-02-21,15,8,Pets & Animals
2018-02-21,20,1,Gaming
2018-02-21,29,2,Nonprofits & Activism
2018-02-21,23,13,Comedy
2018-02-21,19,2,Travel & Events
2018-02-21,27,9,Education
2018-02-21,2,1,Autos & Vehicles
2018-02-21,24,44,Entertainment
2018-02-21,28,13,Science & Technology
2018-02-21,25,18,News & Politics
2018-02-21,1,6,Film & Animation
2018-02-22,1,8,Film & Animation
2018-02-22,26,19,Howto & Style
2018-02-22,23,13,Comedy
2018-02-22,15,7,Pets & Animals
2018-02-22,22,14,People & Blogs
2018-02-22,10,29,Music
2018-02-22,24,47,Entertainment
2018-02-22,17,18,Sports
2018-02-22,25,18,News & Politics
2018-02-22,28,13,Science & Technology
2018-02-22,19,4,Travel & Events
2018-02-22,2,2,Autos & Vehicles
2018-02-22,27,6,Education
2018-02-22,20,1,Gaming
2018-02-23,20,2,Gaming
2018-02-23,25,17,News & Politics
2018-02-23,15,6,Pets & Animals
2018-02-23,2,4,Autos & Vehicles
2018-02-23,19,4,Travel & Events
2018-02-23,26,21,Howto & Style
2018-02-23,27,5,Education
2018-02-23,23,16,Comedy
2018-02-23,1,9,Film & Animation
2018-02-23,28,14,Science & Technology
2018-02-23,22,16,People & Blogs
2018-02-23,24,43,Entertainment
2018-02-23,17,18,Sports
2018-02-23,10,24,Music
2018-02-24,20,1,Gaming
2018-02-24,27,6,Education
2018-02-24,28,12,Science & Technology
2018-02-24,25,20,News & Politics
2018-02-24,22,13,People & Blogs
2018-02-24,17,15,Sports
2018-02-24,10,29,Music
2018-02-24,2,5,Autos & Vehicles
2018-02-24,19,4,Travel & Events
2018-02-24,15,4,Pets & Animals
2018-02-24,26,21,Howto & Style
2018-02-24,1,8,Film & Animation
2018-02-24,23,15,Comedy
2018-02-24,24,47,Entertainment
2018-02-25,28,12,Science & Technology
2018-02-25,25,21,News & Politics
2018-02-25,22,13,People & Blogs
2018-02-25,10,29,Music
2018-02-25,17,16,Sports
2018-02-25,27,5,Education
2018-02-25,26,18,Howto & Style
2018-02-25,20,1,Gaming
2018-02-25,1,11,Film & Animation
2018-02-25,24,47,Entertainment
2018-02-25,23,14,Comedy
2018-02-25,15,4,Pets & Animals
2018-02-25,19,4,Travel & Events
2018-02-25,2,5,Autos & Vehicles
2018-02-26,10,30,Music
2018-02-26,23,14,Comedy
2018-02-26,28,15,Science & Technology
2018-02-26,22,13,People & Blogs
2018-02-26,17,15,Sports
2018-02-26,27,7,Education
2018-02-26,24,47,Entertainment
2018-02-26,1,10,Film & Animation
2018-02-26,26,17,Howto & Style
2018-02-26,25,20,News & Politics
2018-02-26,19,3,Travel & Events
2018-02-26,15,3,Pets & Animals
2018-02-26,2,5,Autos & Vehicles
2018-02-27,23,16,Comedy
2018-02-27,24,42,Entertainment
2018-02-27,25,23,News & Politics
2018-02-27,22,12,People & Blogs
2018-02-27,2,4,Autos & Vehicles
2018-02-27,19,3,Travel & Events
2018-02-27,26,16,Howto & Style
2018-02-27,17,14,Sports
2018-02-27,15,4,Pets & Animals
2018-02-27,27,9,Education
2018-02-27,28,16,Science & Technology
2018-02-27,10,30,Music
2018-02-27,1,9,Film & Animation
2018-02-28,27,10,Education
2018-02-28,17,12,Sports
2018-02-28,19,2,Travel & Events
2018-02-28,2,4,Autos & Vehicles
2018-02-28,28,17,Science & Technology
2018-02-28,15,4,Pets & Animals
2018-02-28,10,27,Music
2018-02-28,25,21,News & Politics
2018-02-28,23,15,Comedy
2018-02-28,20,1,Gaming
2018-02-28,26,17,Howto & Style
2018-02-28,1,12,Film & Animation
2018-02-28,22,12,People & Blogs
2018-02-28,24,45,Entertainment
2018-03-01,26,18,Howto & Style
2018-03-01,22,15,People & Blogs
2018-03-01,17,10,Sports
2018-03-01,1,13,Film & Animation
2018-03-01,24,42,Entertainment
2018-03-01,10,28,Music
2018-03-01,23,15,Comedy
2018-03-01,19,3,Travel & Events
2018-03-01,20,1,Gaming
2018-03-01,28,19,Science & Technology
2018-03-01,25,19,News & Politics
2018-03-01,27,12,Education
2018-03-01,15,3,Pets & Animals
2018-03-01,2,2,Autos & Vehicles
2018-03-02,22,19,People & Blogs
2018-03-02,26,29,Howto & Style
2018-03-02,24,38,Entertainment
2018-03-02,1,10,Film & Animation
2018-03-02,10,21,Music
2018-03-02,27,12,Education
2018-03-02,23,16,Comedy
2018-03-02,2,3,Autos & Vehicles
2018-03-02,15,3,Pets & Animals
2018-03-02,25,17,News & Politics
2018-03-02,20,1,Gaming
2018-03-02,19,4,Travel & Events
2018-03-02,17,10,Sports
2018-03-02,28,17,Science & Technology
2018-03-03,15,4,Pets & Animals
2018-03-03,2,3,Autos & Vehicles
2018-03-03,10,22,Music
2018-03-03,24,41,Entertainment
2018-03-03,22,17,People & Blogs
2018-03-03,17,11,Sports
2018-03-03,25,16,News & Politics
2018-03-03,28,16,Science & Technology
2018-03-03,26,26,Howto & Style
2018-03-03,23,16,Comedy
2018-03-03,1,11,Film & Animation
2018-03-03,27,12,Education
2018-03-03,19,3,Travel & Events
2018-03-03,20,1,Gaming
2018-03-04,23,16,Comedy
2018-03-04,10,21,Music
2018-03-04,19,4,Travel & Events
2018-03-04,24,40,Entertainment
2018-03-04,1,11,Film & Animation
2018-03-04,20,2,Gaming
2018-03-04,15,5,Pets & Animals
2018-03-04,26,29,Howto & Style
2018-03-04,22,18,People & Blogs
2018-03-04,25,13,News & Politics
2018-03-04,28,15,Science & Technology
2018-03-04,17,9,Sports
2018-03-04,27,13,Education
2018-03-04,2,3,Autos & Vehicles
2018-03-05,10,21,Music
2018-03-05,24,42,Entertainment
2018-03-05,17,10,Sports
2018-03-05,22,17,People & Blogs
2018-03-05,23,16,Comedy
2018-03-05,1,10,Film & Animation
2018-03-05,27,12,Education
2018-03-05,28,16,Science & Technology
2018-03-05,26,30,Howto & Style
2018-03-05,20,3,Gaming
2018-03-05,15,4,Pets & Animals
2018-03-05,25,12,News & Politics
2018-03-05,2,3,Autos & Vehicles
2018-03-05,19,4,Travel & Events
2018-03-06,22,18,People & Blogs
2018-03-06,27,13,Education
2018-03-06,23,18,Comedy
2018-03-06,17,10,Sports
2018-03-06,24,42,Entertainment
2018-03-06,1,12,Film & Animation
2018-03-06,28,17,Science & Technology
2018-03-06,2,1,Autos & Vehicles
2018-03-06,20,3,Gaming
2018-03-06,15,4,Pets & Animals
2018-03-06,19,3,Travel & Events
2018-03-06,10,21,Music
2018-03-06,26,29,Howto & Style
2018-03-06,25,9,News & Politics
2018-03-07,24,42,Entertainment
2018-03-07,26,28,Howto & Style
2018-03-07,25,8,News & Politics
2018-03-07,15,5,Pets & Animals
2018-03-07,19,2,Travel & Events
2018-03-07,20,2,Gaming
2018-03-07,27,12,Education
2018-03-07,10,23,Music
2018-03-07,28,20,Science & Technology
2018-03-07,1,12,Film & Animation
2018-03-07,22,17,People & Blogs
2018-03-07,17,9,Sports
2018-03-07,23,19,Comedy
2018-03-08,19,2,Travel & Events
2018-03-08,10,18,Music
2018-03-08,22,20,People & Blogs
2018-03-08,15,5,Pets & Animals
2018-03-08,1,12,Film & Animation
2018-03-08,23,19,Comedy
2018-03-08,26,28,Howto & Style
2018-03-08,17,10,Sports
2018-03-08,28,20,Science & Technology
2018-03-08,27,11,Education
2018-03-08,25,7,News & Politics
2018-03-08,20,2,Gaming
2018-03-08,24,45,Entertainment
2018-03-09,26,29,Howto & Style
2018-03-09,20,4,Gaming
2018-03-09,10,20,Music
2018-03-09,23,18,Comedy
2018-03-09,22,19,People & Blogs
2018-03-09,24,43,Entertainment
2018-03-09,28,20,Science & Technology
2018-03-09,25,5,News & Politics
2018-03-09,1,12,Film & Animation
2018-03-09,17,10,Sports
2018-03-09,27,13,Education
2018-03-09,15,5,Pets & Animals
2018-03-09,19,2,Travel & Events
2018-03-10,27,14,Education
2018-03-10,10,25,Music
2018-03-10,24,44,Entertainment
2018-03-10,20,4,Gaming
2018-03-10,19,2,Travel & Events
2018-03-10,15,5,Pets & Animals
2018-03-10,25,5,News & Politics
2018-03-10,1,11,Film & Animation
2018-03-10,17,8,Sports
2018-03-10,22,18,People & Blogs
2018-03-10,26,28,Howto & Style
2018-03-10,28,21,Science & Technology
2018-03-10,23,15,Comedy
2018-03-11,26,30,Howto & Style
2018-03-11,24,46,Entertainment
2018-03-11,27,13,Education
2018-03-11,23,14,Comedy
2018-03-11,22,17,People & Blogs
2018-03-11,20,5,Gaming
2018-03-11,28,19,Science & Technology
2018-03-11,10,24,Music
2018-03-11,1,12,Film & Animation
2018-03-11,17,8,Sports
2018-03-11,25,5,News & Politics
2018-03-11,15,5,Pets & Animals
2018-03-11,19,2,Travel & Events
2018-03-12,28,19,Science & Technology
2018-03-12,22,17,People & Blogs
2018-03-12,20,5,Gaming
2018-03-12,10,24,Music
2018-03-12,15,6,Pets & Animals
2018-03-12,17,9,Sports
2018-03-12,1,15,Film & Animation
2018-03-12,27,14,Education
2018-03-12,19,2,Travel & Events
2018-03-12,25,2,News & Politics
2018-03-12,23,14,Comedy
2018-03-12,24,44,Entertainment
2018-03-12,26,28,Howto & Style
2018-03-13,28,19,Science & Technology
2018-03-13,19,2,Travel & Events
2018-03-13,10,26,Music
2018-03-13,24,44,Entertainment
2018-03-13,23,14,Comedy
2018-03-13,26,28,Howto & Style
2018-03-13,22,17,People & Blogs
2018-03-13,20,5,Gaming
2018-03-13,17,10,Sports
2018-03-13,15,5,Pets & Animals
2018-03-13,1,14,Film & Animation
2018-03-13,27,13,Education
2018-03-13,25,2,News & Politics
2018-03-14,19,2,Travel & Events
2018-03-14,27,13,Education
2018-03-14,10,26,Music
2018-03-14,24,44,Entertainment
2018-03-14,23,14,Comedy
2018-03-14,26,28,Howto & Style
2018-03-14,28,19,Science & Technology
2018-03-14,22,16,People & Blogs
2018-03-14,20,5,Gaming
2018-03-14,17,10,Sports
2018-03-14,15,5,Pets & Animals
2018-03-14,1,14,Film & Animation
2018-03-14,25,2,News & Politics
2018-03-15,25,2,News & Politics
2018-03-15,22,17,People & Blogs
2018-03-15,24,51,Entertainment
2018-03-15,1,13,Film & Animation
2018-03-15,23,14,Comedy
2018-03-15,28,17,Science & Technology
2018-03-15,10,26,Music
2018-03-15,17,10,Sports
2018-03-15,26,25,Howto & Style
2018-03-15,19,2,Travel & Events
2018-03-15,27,12,Education
2018-03-15,15,6,Pets & Animals
2018-03-15,20,4,Gaming
2018-03-16,28,17,Science & Technology
2018-03-16,20,4,Gaming
2018-03-16,19,2,Travel & Events
2018-03-16,27,10,Education
2018-03-16,15,7,Pets & Animals
2018-03-16,22,16,People & Blogs
2018-03-16,25,2,News & Politics
2018-03-16,17,10,Sports
2018-03-16,1,12,Film & Animation
2018-03-16,10,29,Music
2018-03-16,24,53,Entertainment
2018-03-16,26,22,Howto & Style
2018-03-16,23,14,Comedy
2018-03-17,20,4,Gaming
2018-03-17,26,25,Howto & Style
2018-03-17,10,29,Music
2018-03-17,1,13,Film & Animation
2018-03-17,19,2,Travel & Events
2018-03-17,24,52,Entertainment
2018-03-17,15,4,Pets & Animals
2018-03-17,22,16,People & Blogs
2018-03-17,17,10,Sports
2018-03-17,27,10,Education
2018-03-17,28,14,Science & Technology
2018-03-17,23,16,Comedy
2018-03-17,25,3,News & Politics
2018-03-18,26,23,Howto & Style
2018-03-18,28,13,Science & Technology
2018-03-18,25,3,News & Politics
2018-03-18,15,5,Pets & Animals
2018-03-18,27,10,Education
2018-03-18,19,1,Travel & Events
2018-03-18,10,29,Music
2018-03-18,23,15,Comedy
2018-03-18,24,51,Entertainment
2018-03-18,17,14,Sports
2018-03-18,22,17,People & Blogs
2018-03-18,1,13,Film & Animation
2018-03-18,20,5,Gaming
2018-03-19,17,14,Sports
2018-03-19,26,26,Howto & Style
2018-03-19,22,16,People & Blogs
2018-03-19,27,10,Education
2018-03-19,24,52,Entertainment
2018-03-19,1,13,Film & Animation
2018-03-19,23,15,Comedy
2018-03-19,10,29,Music
2018-03-19,19,2,Travel & Events
2018-03-19,20,5,Gaming
2018-03-19,28,10,Science & Technology
2018-03-19,25,3,News & Politics
2018-03-19,15,4,Pets & Animals
2018-03-20,25,3,News & Politics
2018-03-20,24,56,Entertainment
2018-03-20,22,14,People & Blogs
2018-03-20,23,17,Comedy
2018-03-20,27,8,Education
2018-03-20,26,27,Howto & Style
2018-03-20,17,12,Sports
2018-03-20,1,12,Film & Animation
2018-03-20,19,2,Travel & Events
2018-03-20,28,10,Science & Technology
2018-03-20,10,28,Music
2018-03-20,20,5,Gaming
2018-03-20,15,5,Pets & Animals
2018-03-21,26,28,Howto & Style
2018-03-21,19,2,Travel & Events
2018-03-21,15,5,Pets & Animals
2018-03-21,1,10,Film & Animation
2018-03-21,27,7,Education
2018-03-21,23,17,Comedy
2018-03-21,28,10,Science & Technology
2018-03-21,20,5,Gaming
2018-03-21,22,13,People & Blogs
2018-03-21,17,13,Sports
2018-03-21,10,30,Music
2018-03-21,25,4,News & Politics
2018-03-21,24,56,Entertainment
2018-03-22,20,5,Gaming
2018-03-22,24,54,Entertainment
2018-03-22,15,4,Pets & Animals
2018-03-22,19,3,Travel & Events
2018-03-22,17,13,Sports
2018-03-22,10,30,Music
2018-03-22,27,9,Education
2018-03-22,28,12,Science & Technology
2018-03-22,23,18,Comedy
2018-03-22,25,4,News & Politics
2018-03-22,1,9,Film & Animation
2018-03-22,26,27,Howto & Style
2018-03-22,22,12,People & Blogs
2018-03-23,25,4,News & Politics
2018-03-23,17,12,Sports
2018-03-23,15,4,Pets & Animals
2018-03-23,19,3,Travel & Events
2018-03-23,20,5,Gaming
2018-03-23,28,9,Science & Technology
2018-03-23,26,27,Howto & Style
2018-03-23,10,32,Music
2018-03-23,22,13,People & Blogs
2018-03-23,23,18,Comedy
2018-03-23,1,10,Film & Animation
2018-03-23,24,54,Entertainment
2018-03-23,27,9,Education
2018-03-24,20,4,Gaming
2018-03-24,19,3,Travel & Events
2018-03-24,25,4,News & Politics
2018-03-24,17,12,Sports
2018-03-24,28,10,Science & Technology
2018-03-24,27,9,Education
2018-03-24,22,14,People & Blogs
2018-03-24,1,9,Film & Animation
2018-03-24,26,24,Howto & Style
2018-03-24,24,56,Entertainment
2018-03-24,15,4,Pets & Animals
2018-03-24,23,19,Comedy
2018-03-24,10,32,Music
2018-03-25,17,12,Sports
2018-03-25,25,5,News & Politics
2018-03-25,23,19,Comedy
2018-03-25,15,4,Pets & Animals
2018-03-25,20,3,Gaming
2018-03-25,27,7,Education
2018-03-25,28,10,Science & Technology
2018-03-25,1,9,Film & Animation
2018-03-25,26,24,Howto & Style
2018-03-25,22,15,People & Blogs
2018-03-25,10,29,Music
2018-03-25,19,4,Travel & Events
2018-03-25,24,59,Entertainment
2018-03-26,24,60,Entertainment
2018-03-26,22,16,People & Blogs
2018-03-26,20,4,Gaming
2018-03-26,23,19,Comedy
2018-03-26,17,12,Sports
2018-03-26,19,4,Travel & Events
2018-03-26,10,28,Music
2018-03-26,28,11,Science & Technology
2018-03-26,1,8,Film & Animation
2018-03-26,27,6,Education
2018-03-26,15,3,Pets & Animals
2018-03-26,26,23,Howto & Style
2018-03-26,25,6,News & Politics
2018-03-27,22,18,People & Blogs
2018-03-27,26,22,Howto & Style
2018-03-27,24,60,Entertainment
2018-03-27,23,19,Comedy
2018-03-27,17,12,Sports
2018-03-27,20,4,Gaming
2018-03-27,10,28,Music
2018-03-27,25,5,News & Politics
2018-03-27,27,7,Education
2018-03-27,15,4,Pets & Animals
2018-03-27,1,7,Film & Animation
2018-03-27,28,9,Science & Technology
2018-03-27,19,4,Travel & Events
2018-03-28,19,3,Travel & Events
2018-03-28,23,18,Comedy
2018-03-28,1,7,Film & Animation
2018-03-28,17,11,Sports
2018-03-28,24,59,Entertainment
2018-03-28,20,5,Gaming
2018-03-28,10,27,Music
2018-03-28,26,24,Howto & Style
2018-03-28,28,9,Science & Technology
2018-03-28,22,19,People & Blogs
2018-03-28,27,7,Education
2018-03-28,25,7,News & Politics
2018-03-28,15,4,Pets & Animals
2018-03-29,10,28,Music
2018-03-29,1,6,Film & Animation
2018-03-29,20,6,Gaming
2018-03-29,28,9,Science & Technology
2018-03-29,22,17,People & Blogs
2018-03-29,19,2,Travel & Events
2018-03-29,15,4,Pets & Animals
2018-03-29,27,9,Education
2018-03-29,24,57,Entertainment
2018-03-29,17,10,Sports
2018-03-29,25,7,News & Politics
2018-03-29,26,25,Howto & Style
2018-03-29,23,20,Comedy
2018-03-30,25,6,News & Politics
2018-03-30,27,10,Education
2018-03-30,17,11,Sports
2018-03-30,19,2,Travel & Events
2018-03-30,15,3,Pets & Animals
2018-03-30,20,6,Gaming
2018-03-30,28,9,Science & Technology
2018-03-30,22,15,People & Blogs
2018-03-30,26,26,Howto & Style
2018-03-30,23,21,Comedy
2018-03-30,10,28,Music
2018-03-30,1,8,Film & Animation
2018-03-30,24,55,Entertainment
2018-03-31,22,15,People & Blogs
2018-03-31,27,11,Education
2018-03-31,26,24,Howto & Style
2018-03-31,19,2,Travel & Events
2018-03-31,15,2,Pets & Animals
2018-03-31,20,5,Gaming
2018-03-31,25,5,News & Politics
2018-03-31,2,1,Autos & Vehicles
2018-03-31,28,10,Science & Technology
2018-03-31,23,21,Comedy
2018-03-31,17,12,Sports
2018-03-31,24,55,Entertainment
2018-03-31,10,28,Music
2018-03-31,1,9,Film & Animation
2018-04-01,19,2,Travel & Events
2018-04-01,20,4,Gaming
2018-04-01,28,9,Science & Technology
2018-04-01,2,1,Autos & Vehicles
2018-04-01,23,21,Comedy
2018-04-01,22,17,People & Blogs
2018-04-01,1,9,Film & Animation
2018-04-01,15,3,Pets & Animals
2018-04-01,26,24,Howto & Style
2018-04-01,10,28,Music
2018-04-01,24,54,Entertainment
2018-04-01,17,12,Sports
2018-04-01,25,5,News & Politics
2018-04-01,27,11,Education
2018-04-02,19,2,Travel & Events
2018-04-02,20,4,Gaming
2018-04-02,22,18,People & Blogs
2018-04-02,24,55,Entertainment
2018-04-02,23,21,Comedy
2018-04-02,25,4,News & Politics
2018-04-02,27,10,Education
2018-04-02,2,1,Autos & Vehicles
2018-04-02,15,3,Pets & Animals
2018-04-02,10,28,Music
2018-04-02,1,8,Film & Animation
2018-04-02,17,12,Sports
2018-04-02,28,9,Science & Technology
2018-04-02,26,25,Howto & Style
2018-04-03,19,2,Travel & Events
2018-04-03,25,4,News & Politics
2018-04-03,15,3,Pets & Animals
2018-04-03,22,18,People & Blogs
2018-04-03,24,54,Entertainment
2018-04-03,26,23,Howto & Style
2018-04-03,23,19,Comedy
2018-04-03,27,11,Education
2018-04-03,17,12,Sports
2018-04-03,28,11,Science & Technology
2018-04-03,10,29,Music
2018-04-03,2,2,Autos & Vehicles
2018-04-03,20,4,Gaming
2018-04-03,1,8,Film & Animation
2018-04-04,20,4,Gaming
2018-04-04,15,3,Pets & Animals
2018-04-04,10,29,Music
2018-04-04,19,1,Travel & Events
2018-04-04,25,4,News & Politics
2018-04-04,1,7,Film & Animation
2018-04-04,2,3,Autos & Vehicles
2018-04-04,26,22,Howto & Style
2018-04-04,22,18,People & Blogs
2018-04-04,17,12,Sports
2018-04-04,24,58,Entertainment
2018-04-04,23,19,Comedy
2018-04-04,27,10,Education
2018-04-04,28,10,Science & Technology
2018-04-05,17,12,Sports
2018-04-05,19,1,Travel & Events
2018-04-05,28,10,Science & Technology
2018-04-05,26,22,Howto & Style
2018-04-05,10,30,Music
2018-04-05,1,7,Film & Animation
2018-04-05,22,16,People & Blogs
2018-04-05,24,57,Entertainment
2018-04-05,23,20,Comedy
2018-04-05,27,9,Education
2018-04-05,2,3,Autos & Vehicles
2018-04-05,25,6,News & Politics
2018-04-05,15,3,Pets & Animals
2018-04-05,20,4,Gaming
2018-04-06,15,3,Pets & Animals
2018-04-06,28,9,Science & Technology
2018-04-06,17,13,Sports
2018-04-06,26,22,Howto & Style
2018-04-06,10,30,Music
2018-04-06,1,9,Film & Animation
2018-04-06,24,52,Entertainment
2018-04-06,25,6,News & Politics
2018-04-06,23,21,Comedy
2018-04-06,2,3,Autos & Vehicles
2018-04-06,27,9,Education
2018-04-06,19,1,Travel & Events
2018-04-06,22,18,People & Blogs
2018-04-06,20,4,Gaming
2018-04-07,1,9,Film & Animation
2018-04-07,19,1,Travel & Events
2018-04-07,20,4,Gaming
2018-04-07,2,3,Autos & Vehicles
2018-04-07,28,9,Science & Technology
2018-04-07,22,14,People & Blogs
2018-04-07,15,3,Pets & Animals
2018-04-07,27,9,Education
2018-04-07,26,24,Howto & Style
2018-04-07,25,5,News & Politics
2018-04-07,24,51,Entertainment
2018-04-07,17,13,Sports
2018-04-07,23,21,Comedy
2018-04-07,10,34,Music
2018-04-14,2,3,Autos & Vehicles
2018-04-14,15,1,Pets & Animals
2018-04-14,20,3,Gaming
2018-04-14,25,6,News & Politics
2018-04-14,28,10,Science & Technology
2018-04-14,43,1,Shows
2018-04-14,27,9,Education
2018-04-14,22,19,People & Blogs
2018-04-14,24,47,Entertainment
2018-04-14,1,13,Film & Animation
2018-04-14,10,36,Music
2018-04-14,17,12,Sports
2018-04-14,23,16,Comedy
2018-04-14,26,23,Howto & Style
2018-04-14,19,1,Travel & Events
2018-04-15,20,2,Gaming
2018-04-15,10,36,Music
2018-04-15,1,13,Film & Animation
2018-04-15,15,2,Pets & Animals
2018-04-15,23,16,Comedy
2018-04-15,28,11,Science & Technology
2018-04-15,19,1,Travel & Events
2018-04-15,2,3,Autos & Vehicles
2018-04-15,43,1,Shows
2018-04-15,27,9,Education
2018-04-15,22,20,People & Blogs
2018-04-15,26,23,Howto & Style
2018-04-15,25,7,News & Politics
2018-04-15,24,44,Entertainment
2018-04-15,17,12,Sports
2018-04-16,25,8,News & Politics
2018-04-16,27,9,Education
2018-04-16,43,1,Shows
2018-04-16,1,12,Film & Animation
2018-04-16,24,46,Entertainment
2018-04-16,2,2,Autos & Vehicles
2018-04-16,20,1,Gaming
2018-04-16,28,11,Science & Technology
2018-04-16,15,4,Pets & Animals
2018-04-16,26,23,Howto & Style
2018-04-16,22,19,People & Blogs
2018-04-16,17,11,Sports
2018-04-16,10,35,Music
2018-04-16,23,16,Comedy
2018-04-16,19,2,Travel & Events
2018-04-17,25,8,News & Politics
2018-04-17,20,1,Gaming
2018-04-17,43,1,Shows
2018-04-17,15,4,Pets & Animals
2018-04-17,2,2,Autos & Vehicles
2018-04-17,1,12,Film & Animation
2018-04-17,23,16,Comedy
2018-04-17,19,2,Travel & Events
2018-04-17,24,45,Entertainment
2018-04-17,26,26,Howto & Style
2018-04-17,10,32,Music
2018-04-17,17,11,Sports
2018-04-17,28,11,Science & Technology
2018-04-17,27,8,Education
2018-04-17,22,21,People & Blogs
2018-04-18,20,2,Gaming
2018-04-18,24,44,Entertainment
2018-04-18,26,26,Howto & Style
2018-04-18,1,13,Film & Animation
2018-04-18,22,19,People & Blogs
2018-04-18,27,8,Education
2018-04-18,10,32,Music
2018-04-18,19,2,Travel & Events
2018-04-18,28,11,Science & Technology
2018-04-18,25,9,News & Politics
2018-04-18,15,4,Pets & Animals
2018-04-18,43,1,Shows
2018-04-18,2,1,Autos & Vehicles
2018-04-18,17,11,Sports
2018-04-18,23,17,Comedy
2018-04-19,24,42,Entertainment
2018-04-19,1,14,Film & Animation
2018-04-19,22,19,People & Blogs
2018-04-19,23,18,Comedy
2018-04-19,17,12,Sports
2018-04-19,28,12,Science & Technology
2018-04-19,26,26,Howto & Style
2018-04-19,10,29,Music
2018-04-19,19,2,Travel & Events
2018-04-19,25,8,News & Politics
2018-04-19,15,4,Pets & Animals
2018-04-19,2,1,Autos & Vehicles
2018-04-19,43,1,Shows
2018-04-19,27,8,Education
2018-04-19,20,4,Gaming
2018-04-20,43,1,Shows
2018-04-20,2,1,Autos & Vehicles
2018-04-20,1,15,Film & Animation
2018-04-20,22,18,People & Blogs
2018-04-20,19,2,Travel & Events
2018-04-20,15,4,Pets & Animals
2018-04-20,10,29,Music
2018-04-20,23,19,Comedy
2018-04-20,24,44,Entertainment
2018-04-20,26,25,Howto & Style
2018-04-20,28,12,Science & Technology
2018-04-20,20,4,Gaming
2018-04-20,17,11,Sports
2018-04-20,27,7,Education
2018-04-20,25,8,News & Politics
2018-04-21,43,1,Shows
2018-04-21,2,1,Autos & Vehicles
2018-04-21,1,14,Film & Animation
2018-04-21,20,4,Gaming
2018-04-21,10,32,Music
2018-04-21,27,7,Education
2018-04-21,28,13,Science & Technology
2018-04-21,23,19,Comedy
2018-04-21,25,8,News & Politics
2018-04-21,26,24,Howto & Style
2018-04-21,15,4,Pets & Animals
2018-04-21,17,11,Sports
2018-04-21,22,18,People & Blogs
2018-04-21,24,43,Entertainment
2018-04-21,19,1,Travel & Events
2018-04-22,43,1,Shows
2018-04-22,1,13,Film & Animation
2018-04-22,2,1,Autos & Vehicles
2018-04-22,19,2,Travel & Events
2018-04-22,17,12,Sports
2018-04-22,20,3,Gaming
2018-04-22,28,13,Science & Technology
2018-04-22,27,7,Education
2018-04-22,23,17,Comedy
2018-04-22,25,9,News & Politics
2018-04-22,15,4,Pets & Animals
2018-04-22,24,45,Entertainment
2018-04-22,26,24,Howto & Style
2018-04-22,10,30,Music
2018-04-22,22,19,People & Blogs
2018-04-23,25,7,News & Politics
2018-04-23,28,13,Science & Technology
2018-04-23,20,5,Gaming
2018-04-23,43,1,Shows
2018-04-23,22,19,People & Blogs
2018-04-23,27,7,Education
2018-04-23,24,46,Entertainment
2018-04-23,1,12,Film & Animation
2018-04-23,17,13,Sports
2018-04-23,15,5,Pets & Animals
2018-04-23,26,25,Howto & Style
2018-04-23,23,13,Comedy
2018-04-23,10,31,Music
2018-04-23,19,2,Travel & Events
2018-04-23,2,1,Autos & Vehicles
2018-04-24,15,5,Pets & Animals
2018-04-24,27,7,Education
2018-04-24,10,30,Music
2018-04-24,1,11,Film & Animation
2018-04-24,17,13,Sports
2018-04-24,26,22,Howto & Style
2018-04-24,25,7,News & Politics
2018-04-24,20,5,Gaming
2018-04-24,28,12,Science & Technology
2018-04-24,24,47,Entertainment
2018-04-24,22,22,People & Blogs
2018-04-24,43,1,Shows
2018-04-24,2,1,Autos & Vehicles
2018-04-24,19,3,Travel & Events
2018-04-24,23,14,Comedy
2018-04-25,26,21,Howto & Style
2018-04-25,25,7,News & Politics
2018-04-25,28,11,Science & Technology
2018-04-25,10,30,Music
2018-04-25,17,13,Sports
2018-04-25,20,5,Gaming
2018-04-25,23,12,Comedy
2018-04-25,15,5,Pets & Animals
2018-04-25,19,3,Travel & Events
2018-04-25,43,1,Shows
2018-04-25,2,1,Autos & Vehicles
2018-04-25,22,23,People & Blogs
2018-04-25,27,8,Education
2018-04-25,24,49,Entertainment
2018-04-25,1,11,Film & Animation
2018-04-26,1,11,Film & Animation
2018-04-26,23,12,Comedy
2018-04-26,26,21,Howto & Style
2018-04-26,28,9,Science & Technology
2018-04-26,19,3,Travel & Events
2018-04-26,43,1,Shows
2018-04-26,27,8,Education
2018-04-26,22,25,People & Blogs
2018-04-26,15,5,Pets & Animals
2018-04-26,24,48,Entertainment
2018-04-26,17,14,Sports
2018-04-26,25,7,News & Politics
2018-04-26,20,5,Gaming
2018-04-26,10,31,Music
2018-04-27,1,11,Film & Animation
2018-04-27,27,8,Education
2018-04-27,28,8,Science & Technology
2018-04-27,17,14,Sports
2018-04-27,23,14,Comedy
2018-04-27,10,31,Music
2018-04-27,22,23,People & Blogs
2018-04-27,24,49,Entertainment
2018-04-27,15,5,Pets & Animals
2018-04-27,25,7,News & Politics
2018-04-27,20,5,Gaming
2018-04-27,43,1,Shows
2018-04-27,19,3,Travel & Events
2018-04-27,26,21,Howto & Style
2018-04-28,28,9,Science & Technology
2018-04-28,22,22,People & Blogs
2018-04-28,10,32,Music
2018-04-28,43,1,Shows
2018-04-28,27,8,Education
2018-04-28,24,50,Entertainment
2018-04-28,19,3,Travel & Events
2018-04-28,20,5,Gaming
2018-04-28,25,7,News & Politics
2018-04-28,1,10,Film & Animation
2018-04-28,15,4,Pets & Animals
2018-04-28,23,14,Comedy
2018-04-28,17,14,Sports
2018-04-28,26,21,Howto & Style
2018-04-29,17,13,Sports
2018-04-29,22,23,People & Blogs
2018-04-29,1,10,Film & Animation
2018-04-29,26,22,Howto & Style
2018-04-29,43,1,Shows
2018-04-29,25,8,News & Politics
2018-04-29,19,3,Travel & Events
2018-04-29,20,5,Gaming
2018-04-29,15,4,Pets & Animals
2018-04-29,28,9,Science & Technology
2018-04-29,27,8,Education
2018-04-29,23,16,Comedy
2018-04-29,24,46,Entertainment
2018-04-29,10,32,Music
2018-04-30,20,5,Gaming
2018-04-30,26,22,Howto & Style
2018-04-30,19,3,Travel & Events
2018-04-30,27,9,Education
2018-04-30,17,14,Sports
2018-04-30,25,9,News & Politics
2018-04-30,1,12,Film & Animation
2018-04-30,10,31,Music
2018-04-30,28,9,Science & Technology
2018-04-30,24,44,Entertainment
2018-04-30,22,23,People & Blogs
2018-04-30,23,16,Comedy
2018-04-30,15,3,Pets & Animals
2018-05-01,28,12,Science & Technology
2018-05-01,24,46,Entertainment
2018-05-01,23,16,Comedy
2018-05-01,26,22,Howto & Style
2018-05-01,1,12,Film & Animation
2018-05-01,15,2,Pets & Animals
2018-05-01,27,9,Education
2018-05-01,22,22,People & Blogs
2018-05-01,25,6,News & Politics
2018-05-01,20,5,Gaming
2018-05-01,10,30,Music
2018-05-01,17,15,Sports
2018-05-01,19,3,Travel & Events
2018-05-02,28,12,Science & Technology
2018-05-02,19,2,Travel & Events
2018-05-02,15,2,Pets & Animals
2018-05-02,27,8,Education
2018-05-02,17,13,Sports
2018-05-02,10,29,Music
2018-05-02,20,5,Gaming
2018-05-02,26,21,Howto & Style
2018-05-02,23,17,Comedy
2018-05-02,1,12,Film & Animation
2018-05-02,24,49,Entertainment
2018-05-02,22,23,People & Blogs
2018-05-02,25,7,News & Politics
2018-05-03,27,8,Education
2018-05-03,22,18,People & Blogs
2018-05-03,24,50,Entertainment
2018-05-03,15,4,Pets & Animals
2018-05-03,10,29,Music
2018-05-03,1,14,Film & Animation
2018-05-03,26,20,Howto & Style
2018-05-03,20,5,Gaming
2018-05-03,25,7,News & Politics
2018-05-03,17,14,Sports
2018-05-03,23,18,Comedy
2018-05-03,19,2,Travel & Events
2018-05-03,28,11,Science & Technology
2018-05-04,1,14,Film & Animation
2018-05-04,10,33,Music
2018-05-04,19,2,Travel & Events
2018-05-04,25,5,News & Politics
2018-05-04,27,8,Education
2018-05-04,28,10,Science & Technology
2018-05-04,20,4,Gaming
2018-05-04,17,13,Sports
2018-05-04,15,4,Pets & Animals
2018-05-04,23,17,Comedy
2018-05-04,26,21,Howto & Style
2018-05-04,22,15,People & Blogs
2018-05-04,24,54,Entertainment
2018-05-05,22,13,People & Blogs
2018-05-05,25,5,News & Politics
2018-05-05,19,1,Travel & Events
2018-05-05,20,3,Gaming
2018-05-05,28,11,Science & Technology
2018-05-05,15,4,Pets & Animals
2018-05-05,27,8,Education
2018-05-05,23,16,Comedy
2018-05-05,10,35,Music
2018-05-05,24,56,Entertainment
2018-05-05,1,12,Film & Animation
2018-05-05,17,14,Sports
2018-05-05,26,22,Howto & Style
2018-05-06,24,57,Entertainment
2018-05-06,25,5,News & Politics
2018-05-06,15,4,Pets & Animals
2018-05-06,22,13,People & Blogs
2018-05-06,10,35,Music
2018-05-06,28,11,Science & Technology
2018-05-06,26,22,Howto & Style
2018-05-06,1,12,Film & Animation
2018-05-06,17,14,Sports
2018-05-06,23,16,Comedy
2018-05-06,27,8,Education
2018-05-06,20,3,Gaming
2018-05-07,28,11,Science & Technology
2018-05-07,20,3,Gaming
2018-05-07,15,4,Pets & Animals
2018-05-07,26,22,Howto & Style
2018-05-07,27,8,Education
2018-05-07,24,57,Entertainment
2018-05-07,1,9,Film & Animation
2018-05-07,25,6,News & Politics
2018-05-07,22,13,People & Blogs
2018-05-07,23,16,Comedy
2018-05-07,17,15,Sports
2018-05-07,10,36,Music
2018-05-08,27,7,Education
2018-05-08,25,3,News & Politics
2018-05-08,28,10,Science & Technology
2018-05-08,15,5,Pets & Animals
2018-05-08,1,10,Film & Animation
2018-05-08,26,22,Howto & Style
2018-05-08,23,17,Comedy
2018-05-08,20,5,Gaming
2018-05-08,22,13,People & Blogs
2018-05-08,24,58,Entertainment
2018-05-08,10,37,Music
2018-05-08,17,13,Sports
2018-05-09,25,6,News & Politics
2018-05-09,15,5,Pets & Animals
2018-05-09,1,10,Film & Animation
2018-05-09,27,7,Education
2018-05-09,22,11,People & Blogs
2018-05-09,20,5,Gaming
2018-05-09,26,20,Howto & Style
2018-05-09,10,38,Music
2018-05-09,17,14,Sports
2018-05-09,28,10,Science & Technology
2018-05-09,24,57,Entertainment
2018-05-09,23,17,Comedy
2018-05-10,23,17,Comedy
2018-05-10,15,4,Pets & Animals
2018-05-10,27,7,Education
2018-05-10,28,11,Science & Technology
2018-05-10,26,20,Howto & Style
2018-05-10,24,56,Entertainment
2018-05-10,17,13,Sports
2018-05-10,1,10,Film & Animation
2018-05-10,10,40,Music
2018-05-10,25,7,News & Politics
2018-05-10,22,10,People & Blogs
2018-05-10,20,5,Gaming
2018-05-11,17,12,Sports
2018-05-11,15,3,Pets & Animals
2018-05-11,27,6,Education
2018-05-11,28,11,Science & Technology
2018-05-11,26,18,Howto & Style
2018-05-11,25,7,News & Politics
2018-05-11,1,12,Film & Animation
2018-05-11,22,11,People & Blogs
2018-05-11,23,16,Comedy
2018-05-11,10,41,Music
2018-05-11,24,58,Entertainment
2018-05-11,20,5,Gaming
2018-05-12,15,3,Pets & Animals
2018-05-12,17,11,Sports
2018-05-12,25,8,News & Politics
2018-05-12,2,1,Autos & Vehicles
2018-05-12,22,11,People & Blogs
2018-05-12,43,1,Shows
2018-05-12,23,16,Comedy
2018-05-12,10,39,Music
2018-05-12,27,5,Education
2018-05-12,28,14,Science & Technology
2018-05-12,1,12,Film & Animation
2018-05-12,24,54,Entertainment
2018-05-12,26,20,Howto & Style
2018-05-12,20,5,Gaming
2018-05-13,25,8,News & Politics
2018-05-13,15,3,Pets & Animals
2018-05-13,17,10,Sports
2018-05-13,2,1,Autos & Vehicles
2018-05-13,43,1,Shows
2018-05-13,27,5,Education
2018-05-13,10,36,Music
2018-05-13,20,5,Gaming
2018-05-13,1,12,Film & Animation
2018-05-13,22,13,People & Blogs
2018-05-13,26,23,Howto & Style
2018-05-13,28,13,Science & Technology
2018-05-13,23,17,Comedy
2018-05-13,24,53,Entertainment
2018-05-14,19,1,Travel & Events
2018-05-14,25,2,News & Politics
2018-05-14,23,18,Comedy
2018-05-14,1,13,Film & Animation
2018-05-14,15,4,Pets & Animals
2018-05-14,10,30,Music
2018-05-14,17,11,Sports
2018-05-14,28,11,Science & Technology
2018-05-14,26,22,Howto & Style
2018-05-14,27,8,Education
2018-05-14,22,14,People & Blogs
2018-05-14,24,61,Entertainment
2018-05-14,20,5,Gaming
2018-05-15,19,2,Travel & Events
2018-05-15,2,1,Autos & Vehicles
2018-05-15,43,1,Shows
2018-05-15,20,3,Gaming
2018-05-15,23,14,Comedy
2018-05-15,17,9,Sports
2018-05-15,27,7,Education
2018-05-15,1,8,Film & Animation
2018-05-15,28,14,Science & Technology
2018-05-15,22,13,People & Blogs
2018-05-15,25,11,News & Politics
2018-05-15,10,33,Music
2018-05-15,24,63,Entertainment
2018-05-15,26,20,Howto & Style
2018-05-16,1,11,Film & Animation
2018-05-16,15,2,Pets & Animals
2018-05-16,2,1,Autos & Vehicles
2018-05-16,43,1,Shows
2018-05-16,17,9,Sports
2018-05-16,20,6,Gaming
2018-05-16,27,6,Education
2018-05-16,22,14,People & Blogs
2018-05-16,19,1,Travel & Events
2018-05-16,24,57,Entertainment
2018-05-16,23,16,Comedy
2018-05-16,26,20,Howto & Style
2018-05-16,25,10,News & Politics
2018-05-16,28,12,Science & Technology
2018-05-16,10,34,Music
2018-05-17,10,35,Music
2018-05-17,15,2,Pets & Animals
2018-05-17,2,1,Autos & Vehicles
2018-05-17,43,1,Shows
2018-05-17,20,5,Gaming
2018-05-17,19,1,Travel & Events
2018-05-17,22,14,People & Blogs
2018-05-17,28,13,Science & Technology
2018-05-17,26,19,Howto & Style
2018-05-17,17,9,Sports
2018-05-17,27,7,Education
2018-05-17,24,57,Entertainment
2018-05-17,23,15,Comedy
2018-05-17,1,11,Film & Animation
2018-05-17,25,10,News & Politics
2018-05-18,15,2,Pets & Animals
2018-05-18,2,1,Autos & Vehicles
2018-05-18,43,1,Shows
2018-05-18,20,5,Gaming
2018-05-18,19,1,Travel & Events
2018-05-18,22,13,People & Blogs
2018-05-18,27,7,Education
2018-05-18,26,21,Howto & Style
2018-05-18,24,54,Entertainment
2018-05-18,23,16,Comedy
2018-05-18,1,12,Film & Animation
2018-05-18,28,13,Science & Technology
2018-05-18,25,11,News & Politics
2018-05-18,10,34,Music
2018-05-18,17,9,Sports
2018-05-19,22,13,People & Blogs
2018-05-19,15,2,Pets & Animals
2018-05-19,2,1,Autos & Vehicles
2018-05-19,43,1,Shows
2018-05-19,20,5,Gaming
2018-05-19,19,1,Travel & Events
2018-05-19,17,9,Sports
2018-05-19,27,7,Education
2018-05-19,26,21,Howto & Style
2018-05-19,23,16,Comedy
2018-05-19,25,11,News & Politics
2018-05-19,24,54,Entertainment
2018-05-19,28,13,Science & Technology
2018-05-19,10,34,Music
2018-05-19,1,12,Film & Animation
2018-05-20,1,12,Film & Animation
2018-05-20,22,13,People & Blogs
2018-05-20,15,2,Pets & Animals
2018-05-20,2,1,Autos & Vehicles
2018-05-20,43,1,Shows
2018-05-20,17,9,Sports
2018-05-20,27,7,Education
2018-05-20,19,1,Travel & Events
2018-05-20,25,11,News & Politics
2018-05-20,28,13,Science & Technology
2018-05-20,20,6,Gaming
2018-05-20,24,54,Entertainment
2018-05-20,10,34,Music
2018-05-20,26,21,Howto & Style
2018-05-20,23,15,Comedy
2018-05-21,10,34,Music
2018-05-21,22,13,People & Blogs
2018-05-21,43,1,Shows
2018-05-21,24,56,Entertainment
2018-05-21,25,13,News & Politics
2018-05-21,15,2,Pets & Animals
2018-05-21,2,1,Autos & Vehicles
2018-05-21,19,1,Travel & Events
2018-05-21,28,12,Science & Technology
2018-05-21,17,7,Sports
2018-05-21,26,19,Howto & Style
2018-05-21,27,6,Education
2018-05-21,23,15,Comedy
2018-05-21,1,12,Film & Animation
2018-05-21,20,8,Gaming
2018-05-22,15,2,Pets & Animals
2018-05-22,43,1,Shows
2018-05-22,19,1,Travel & Events
2018-05-22,17,9,Sports
2018-05-22,23,16,Comedy
2018-05-22,28,11,Science & Technology
2018-05-22,10,35,Music
2018-05-22,24,59,Entertainment
2018-05-22,22,12,People & Blogs
2018-05-22,26,19,Howto & Style
2018-05-22,20,8,Gaming
2018-05-22,25,12,News & Politics
2018-05-22,27,5,Education
2018-05-22,1,10,Film & Animation
2018-05-23,1,10,Film & Animation
2018-05-23,43,1,Shows
2018-05-23,19,1,Travel & Events
2018-05-23,15,3,Pets & Animals
2018-05-23,20,8,Gaming
2018-05-23,25,12,News & Politics
2018-05-23,27,5,Education
2018-05-23,28,10,Science & Technology
2018-05-23,26,18,Howto & Style
2018-05-23,22,12,People & Blogs
2018-05-23,23,16,Comedy
2018-05-23,10,38,Music
2018-05-23,17,9,Sports
2018-05-23,24,57,Entertainment
2018-05-24,28,8,Science & Technology
2018-05-24,43,1,Shows
2018-05-24,19,1,Travel & Events
2018-05-24,15,3,Pets & Animals
2018-05-24,24,59,Entertainment
2018-05-24,25,12,News & Politics
2018-05-24,22,12,People & Blogs
2018-05-24,1,10,Film & Animation
2018-05-24,17,8,Sports
2018-05-24,26,18,Howto & Style
2018-05-24,20,7,Gaming
2018-05-24,10,39,Music
2018-05-24,23,16,Comedy
2018-05-24,27,6,Education
2018-05-25,22,10,People & Blogs
2018-05-25,15,5,Pets & Animals
2018-05-25,43,1,Shows
2018-05-25,19,1,Travel & Events
2018-05-25,25,12,News & Politics
2018-05-25,20,6,Gaming
2018-05-25,1,10,Film & Animation
2018-05-25,26,17,Howto & Style
2018-05-25,28,9,Science & Technology
2018-05-25,27,6,Education
2018-05-25,17,8,Sports
2018-05-25,24,58,Entertainment
2018-05-25,23,17,Comedy
2018-05-25,10,40,Music
2018-05-26,10,42,Music
2018-05-26,43,1,Shows
2018-05-26,19,1,Travel & Events
2018-05-26,1,10,Film & Animation
2018-05-26,26,17,Howto & Style
2018-05-26,28,9,Science & Technology
2018-05-26,15,4,Pets & Animals
2018-05-26,25,12,News & Politics
2018-05-26,27,6,Education
2018-05-26,17,9,Sports
2018-05-26,20,8,Gaming
2018-05-26,23,17,Comedy
2018-05-26,22,10,People & Blogs
2018-05-26,24,54,Entertainment
2018-05-27,28,9,Science & Technology
2018-05-27,43,1,Shows
2018-05-27,19,1,Travel & Events
2018-05-27,29,1,Nonprofits & Activism
2018-05-27,27,6,Education
2018-05-27,10,37,Music
2018-05-27,26,18,Howto & Style
2018-05-27,15,5,Pets & Animals
2018-05-27,24,52,Entertainment
2018-05-27,17,9,Sports
2018-05-27,23,18,Comedy
2018-05-27,25,13,News & Politics
2018-05-27,20,8,Gaming
2018-05-27,1,11,Film & Animation
2018-05-27,22,11,People & Blogs
2018-05-28,20,8,Gaming
2018-05-28,43,1,Shows
2018-05-28,19,1,Travel & Events
2018-05-28,29,1,Nonprofits & Activism
2018-05-28,28,8,Science & Technology
2018-05-28,27,6,Education
2018-05-28,15,4,Pets & Animals
2018-05-28,23,17,Comedy
2018-05-28,25,12,News & Politics
2018-05-28,26,17,Howto & Style
2018-05-28,10,40,Music
2018-05-28,17,9,Sports
2018-05-28,24,52,Entertainment
2018-05-28,22,11,People & Blogs
2018-05-28,1,13,Film & Animation
2018-05-29,22,10,People & Blogs
2018-05-29,43,1,Shows
2018-05-29,19,1,Travel & Events
2018-05-29,29,1,Nonprofits & Activism
2018-05-29,28,8,Science & Technology
2018-05-29,27,6,Education
2018-05-29,20,8,Gaming
2018-05-29,15,4,Pets & Animals
2018-05-29,23,17,Comedy
2018-05-29,26,17,Howto & Style
2018-05-29,10,42,Music
2018-05-29,17,9,Sports
2018-05-29,25,12,News & Politics
2018-05-29,1,13,Film & Animation
2018-05-29,24,51,Entertainment
2018-05-30,26,20,Howto & Style
2018-05-30,43,1,Shows
2018-05-30,19,1,Travel & Events
2018-05-30,29,1,Nonprofits & Activism
2018-05-30,28,8,Science & Technology
2018-05-30,27,6,Education
2018-05-30,15,4,Pets & Animals
2018-05-30,23,17,Comedy
2018-05-30,25,10,News & Politics
2018-05-30,22,10,People & Blogs
2018-05-30,10,41,Music
2018-05-30,17,10,Sports
2018-05-30,20,9,Gaming
2018-05-30,24,49,Entertainment
2018-05-30,1,13,Film & Animation
2018-05-31,15,4,Pets & Animals
2018-05-31,43,1,Shows
2018-05-31,19,1,Travel & Events
2018-05-31,29,1,Nonprofits & Activism
2018-05-31,27,6,Education
2018-05-31,25,10,News & Politics
2018-05-31,22,10,People & Blogs
2018-05-31,24,49,Entertainment
2018-05-31,17,9,Sports
2018-05-31,1,13,Film & Animation
2018-05-31,26,20,Howto & Style
2018-05-31,28,8,Science & Technology
2018-05-31,23,18,Comedy
2018-05-31,20,9,Gaming
2018-05-31,10,41,Music
2018-06-01,20,9,Gaming
2018-06-01,27,6,Education
2018-06-01,43,1,Shows
2018-06-01,19,1,Travel & Events
2018-06-01,29,1,Nonprofits & Activism
2018-06-01,15,4,Pets & Animals
2018-06-01,25,9,News & Politics
2018-06-01,22,10,People & Blogs
2018-06-01,1,13,Film & Animation
2018-06-01,24,50,Entertainment
2018-06-01,28,8,Science & Technology
2018-06-01,17,8,Sports
2018-06-01,26,19,Howto & Style
2018-06-01,23,18,Comedy
2018-06-01,10,43,Music
2018-06-02,17,8,Sports
2018-06-02,1,12,Film & Animation
2018-06-02,43,1,Shows
2018-06-02,19,1,Travel & Events
2018-06-02,29,1,Nonprofits & Activism
2018-06-02,25,8,News & Politics
2018-06-02,27,6,Education
2018-06-02,20,8,Gaming
2018-06-02,10,46,Music
2018-06-02,22,10,People & Blogs
2018-06-02,23,18,Comedy
2018-06-02,26,20,Howto & Style
2018-06-02,28,8,Science & Technology
2018-06-02,24,49,Entertainment
2018-06-02,15,4,Pets & Animals
2018-06-03,15,4,Pets & Animals
2018-06-03,43,1,Shows
2018-06-03,19,1,Travel & Events
2018-06-03,29,1,Nonprofits & Activism
2018-06-03,25,7,News & Politics
2018-06-03,27,6,Education
2018-06-03,1,12,Film & Animation
2018-06-03,28,8,Science & Technology
2018-06-03,22,10,People & Blogs
2018-06-03,17,8,Sports
2018-06-03,26,18,Howto & Style
2018-06-03,23,18,Comedy
2018-06-03,10,49,Music
2018-06-03,20,8,Gaming
2018-06-03,24,49,Entertainment
2018-06-04,17,6,Sports
2018-06-04,24,51,Entertainment
2018-06-04,1,13,Film & Animation
2018-06-04,43,1,Shows
2018-06-04,29,1,Nonprofits & Activism
2018-06-04,25,6,News & Politics
2018-06-04,27,6,Education
2018-06-04,23,18,Comedy
2018-06-04,10,49,Music
2018-06-04,22,10,People & Blogs
2018-06-04,28,8,Science & Technology
2018-06-04,26,17,Howto & Style
2018-06-04,19,2,Travel & Events
2018-06-04,20,8,Gaming
2018-06-04,15,4,Pets & Animals
2018-06-05,26,19,Howto & Style
2018-06-05,23,17,Comedy
2018-06-05,17,6,Sports
2018-06-05,10,50,Music
2018-06-05,25,5,News & Politics
2018-06-05,22,10,People & Blogs
2018-06-05,20,7,Gaming
2018-06-05,24,51,Entertainment
2018-06-05,28,9,Science & Technology
2018-06-05,19,2,Travel & Events
2018-06-05,1,15,Film & Animation
2018-06-05,27,4,Education
2018-06-05,15,4,Pets & Animals
2018-06-05,43,1,Shows
2018-06-06,20,7,Gaming
2018-06-06,17,6,Sports
2018-06-06,28,9,Science & Technology
2018-06-06,27,5,Education
2018-06-06,10,51,Music
2018-06-06,1,15,Film & Animation
2018-06-06,26,19,Howto & Style
2018-06-06,24,50,Entertainment
2018-06-06,22,10,People & Blogs
2018-06-06,43,1,Shows
2018-06-06,15,4,Pets & Animals
2018-06-06,19,1,Travel & Events
2018-06-06,23,17,Comedy
2018-06-06,25,5,News & Politics
2018-06-07,23,16,Comedy
2018-06-07,15,4,Pets & Animals
2018-06-07,27,4,Education
2018-06-07,19,1,Travel & Events
2018-06-07,25,5,News & Politics
2018-06-07,20,8,Gaming
2018-06-07,28,9,Science & Technology
2018-06-07,17,5,Sports
2018-06-07,1,15,Film & Animation
2018-06-07,26,18,Howto & Style
2018-06-07,10,52,Music
2018-06-07,22,11,People & Blogs
2018-06-07,24,52,Entertainment
2018-06-08,23,16,Comedy
2018-06-08,26,19,Howto & Style
2018-06-08,10,52,Music
2018-06-08,24,50,Entertainment
2018-06-08,1,17,Film & Animation
2018-06-08,22,11,People & Blogs
2018-06-08,17,6,Sports
2018-06-08,28,9,Science & Technology
2018-06-08,20,8,Gaming
2018-06-08,25,3,News & Politics
2018-06-08,19,1,Travel & Events
2018-06-08,27,4,Education
2018-06-08,15,4,Pets & Animals
2018-06-09,25,3,News & Politics
2018-06-09,17,6,Sports
2018-06-09,1,16,Film & Animation
2018-06-09,24,51,Entertainment
2018-06-09,26,19,Howto & Style
2018-06-09,15,4,Pets & Animals
2018-06-09,19,1,Travel & Events
2018-06-09,20,8,Gaming
2018-06-09,28,8,Science & Technology
2018-06-09,22,11,People & Blogs
2018-06-09,27,5,Education
2018-06-09,23,16,Comedy
2018-06-09,10,52,Music
2018-06-10,24,50,Entertainment
2018-06-10,23,17,Comedy
2018-06-10,17,6,Sports
2018-06-10,15,4,Pets & Animals
2018-06-10,19,1,Travel & Events
2018-06-10,28,8,Science & Technology
2018-06-10,27,4,Education
2018-06-10,10,51,Music
2018-06-10,1,16,Film & Animation
2018-06-10,25,3,News & Politics
2018-06-10,26,18,Howto & Style
2018-06-10,22,12,People & Blogs
2018-06-10,20,10,Gaming
2018-06-11,25,3,News & Politics
2018-06-11,22,12,People & Blogs
2018-06-11,20,10,Gaming
2018-06-11,17,6,Sports
2018-06-11,26,18,Howto & Style
2018-06-11,24,50,Entertainment
2018-06-11,1,16,Film & Animation
2018-06-11,10,51,Music
2018-06-11,23,17,Comedy
2018-06-11,27,4,Education
2018-06-11,28,8,Science & Technology
2018-06-11,19,1,Travel & Events
2018-06-11,15,4,Pets & Animals
2018-06-12,20,18,Gaming
2018-06-12,22,13,People & Blogs
2018-06-12,17,6,Sports
2018-06-12,10,50,Music
2018-06-12,25,2,News & Politics
2018-06-12,1,16,Film & Animation
2018-06-12,27,4,Education
2018-06-12,28,6,Science & Technology
2018-06-12,19,1,Travel & Events
2018-06-12,23,17,Comedy
2018-06-12,24,48,Entertainment
2018-06-12,26,15,Howto & Style
2018-06-12,15,4,Pets & Animals
2018-06-13,20,20,Gaming
2018-06-13,24,48,Entertainment
2018-06-13,15,4,Pets & Animals
2018-06-13,26,16,Howto & Style
2018-06-13,23,15,Comedy
2018-06-13,10,51,Music
2018-06-13,17,5,Sports
2018-06-13,22,13,People & Blogs
2018-06-13,25,2,News & Politics
2018-06-13,1,15,Film & Animation
2018-06-13,27,4,Education
2018-06-13,28,6,Science & Technology
2018-06-13,19,1,Travel & Events
2018-06-14,24,47,Entertainment
2018-06-14,22,13,People & Blogs
2018-06-14,20,22,Gaming
2018-06-14,10,49,Music
2018-06-14,15,4,Pets & Animals
2018-06-14,19,1,Travel & Events
2018-06-14,28,6,Science & Technology
2018-06-14,27,4,Education
2018-06-14,25,2,News & Politics
2018-06-14,23,14,Comedy
2018-06-14,1,15,Film & Animation
2018-06-14,17,5,Sports
2018-06-14,26,18,Howto & Style
